sample,fps,frameDuration,particleCount
0,464.12326,2,1224
1,464.12326,2,1224
2,464.12326,2,1224
3,464.12326,2,1224
4,464.12326,2,1224
5,464.12326,2,1224
6,464.12326,2,1224
7,464.12326,2,1224
8,464.12326,2,1224
9,464.12326,2,1224
10,464.12326,2,1224
11,464.12326,2,1224
12,464.12326,2,1224
13,464.12326,2,1224
14,464.12326,2,1224
15,464.12326,2,1224
16,464.12326,2,1224
17,464.12326,2,1224
18,464.12326,2,1224
19,464.12326,2,1224
20,464.12326,2,1224
21,464.12326,2,1224
22,464.12326,2,1224
23,464.12326,2,1224
24,464.12326,2,1224
25,464.12326,2,1224
26,464.12326,2,1224
27,464.12326,2,1224
28,464.12326,2,1224
29,464.12326,2,1224
30,464.12326,2,1224
31,464.12326,2,1224
32,464.12326,2,1224
33,464.12326,2,1224
34,464.12326,2,1224
35,464.12326,2,1224
36,464.12326,2,1224
37,464.12326,2,1224
38,464.12326,2,1224
39,464.12326,2,1224
40,464.12326,2,1224
41,464.12326,2,1224
42,464.12326,2,1224
43,464.12326,2,1224
44,464.12326,2,1224
45,464.12326,2,1224
46,464.12326,2,1224
47,464.12326,2,1224
48,464.12326,2,1224
49,464.12326,2,1224
50,464.12326,2,1224
51,464.12326,2,1224
52,464.12326,2,1224
53,464.12326,2,1224
54,464.12326,2,1224
55,464.12326,2,1224
56,464.12326,2,1224
57,464.12326,2,1224
58,464.12326,2,1224
59,464.12326,2,1224
60,464.12326,2,1224
61,286.9852,3,1224
62,286.9852,3,1224
63,286.9852,3,1224
64,286.9852,3,1224
65,286.9852,3,1224
66,286.9852,3,1224
67,286.9852,3,1224
68,286.9852,3,1224
69,286.9852,3,1224
70,286.9852,3,1224
71,286.9852,3,1224
72,286.9852,3,1224
73,286.9852,3,1224
74,286.9852,3,1224
75,286.9852,3,1224
76,286.9852,3,1224
77,286.9852,3,1224
78,286.9852,3,1224
79,286.9852,3,1224
80,286.9852,3,1224
81,286.9852,3,1224
82,286.9852,3,1224
83,286.9852,3,1224
84,286.9852,3,1224
85,286.9852,3,1224
86,286.9852,3,1224
87,286.9852,3,1224
88,286.9852,3,1224
89,286.9852,3,1224
90,286.9852,3,1224
91,286.9852,3,1224
92,286.9852,3,1224
93,286.9852,3,1224
94,286.9852,3,1224
95,286.9852,3,1224
96,286.9852,3,1224
97,286.9852,3,1224
98,286.9852,3,1224
99,286.9852,3,1224
100,286.9852,3,1224
101,286.9852,3,1224
102,286.9852,3,1224
103,286.9852,3,1224
104,286.9852,3,1224
105,286.9852,3,1224
106,286.9852,3,1224
107,286.9852,3,1224
108,286.9852,3,1224
109,286.9852,3,1224
110,286.9852,3,1224
111,286.9852,3,1224
112,286.9852,3,1224
113,286.9852,3,1224
114,286.9852,3,1224
115,286.9852,3,1224
116,286.9852,3,1224
117,286.9852,3,1224
118,286.9852,3,1224
119,286.9852,3,1224
120,286.9852,3,1224
121,286.9852,3,1224
122,286.9852,3,1224
123,286.9852,3,1224
124,286.9852,3,1224
125,286.9852,3,1224
126,286.9852,3,1224
127,286.9852,3,1224
128,286.9852,3,1224
129,286.9852,3,1224
130,286.9852,3,1224
131,286.9852,3,1224
132,286.9852,3,1224
133,286.9852,3,1224
134,286.9852,3,1224
135,286.9852,3,1224
136,286.9852,3,1224
137,286.9852,3,1224
138,286.9852,3,1224
139,286.9852,3,1224
140,286.9852,3,1224
141,286.9852,3,1224
142,286.9852,3,1224
143,286.9852,3,1224
144,286.9852,3,1224
145,286.9852,3,1224
146,286.9852,3,1224
147,286.9852,3,1224
148,286.9852,3,1224
149,286.9852,3,1224
150,286.9852,3,1224
151,286.9852,3,1224
152,286.9852,3,1224
153,286.9852,3,1224
154,286.9852,3,1224
155,286.9852,3,1224
156,286.9852,3,1224
157,286.9852,3,1224
158,286.9852,3,1224
159,286.9852,3,1224
160,286.9852,3,1224
161,286.9852,3,1224
162,286.9852,3,1224
163,286.9852,3,1224
164,286.9852,3,1224
165,286.9852,3,1224
166,286.9852,3,1224
167,286.9852,3,1224
168,286.9852,3,1224
169,286.9852,3,1224
170,286.9852,3,1224
171,286.9852,3,1224
172,286.9852,3,1224
173,286.9852,3,1224
174,286.9852,3,1224
175,286.9852,3,1224
176,286.9852,3,1224
177,286.9852,3,1224
178,286.9852,3,1224
179,286.9852,3,1224
180,286.9852,3,1224
181,286.9852,3,1224
182,286.9852,3,1224
183,286.9852,3,1224
184,286.9852,3,1224
185,286.9852,3,1224
186,286.9852,3,1224
187,286.9852,3,1224
188,286.9852,3,1224
189,286.9852,3,1224
190,286.9852,3,1224
191,286.9852,3,1224
192,286.9852,3,1224
193,286.9852,3,1224
194,286.9852,3,1224
195,286.9852,3,1224
196,286.9852,3,1224
197,286.9852,3,1224
198,286.9852,3,1224
199,286.9852,3,1224
200,286.9852,3,1224
201,286.9852,3,1224
202,286.9852,3,1224
203,286.9852,3,1224
204,286.9852,3,1224
205,286.9852,3,1224
206,286.9852,3,1224
207,286.9852,3,1224
208,286.9852,3,1224
209,286.9852,3,1224
210,286.9852,3,1224
211,286.9852,3,1224
212,286.9852,3,1224
213,286.9852,3,1224
214,286.9852,3,1224
215,286.9852,3,1224
216,286.9852,3,1224
217,286.9852,3,1224
218,286.9852,3,1224
219,286.9852,3,1224
220,286.9852,3,1224
221,286.9852,3,1224
222,286.9852,3,1224
223,286.9852,3,1224
224,286.9852,3,1224
225,286.9852,3,1224
226,286.9852,3,1224
227,286.9852,3,1224
228,286.9852,3,1224
229,286.9852,3,1224
230,286.9852,3,1224
231,286.9852,3,1224
232,286.9852,3,1224
233,286.9852,3,1224
234,286.9852,3,1224
235,286.9852,3,1224
236,286.9852,3,1224
237,286.9852,3,1224
238,286.9852,3,1224
239,286.9852,3,1224
240,286.9852,3,1224
241,286.9852,3,1224
242,286.9852,3,1224
243,286.9852,3,1224
244,286.9852,3,1224
245,286.9852,3,1224
246,286.9852,3,1224
247,286.9852,3,1224
248,286.9852,3,1224
249,286.9852,3,1224
250,286.9852,3,1224
251,286.9852,3,1224
252,286.9852,3,1224
253,286.9852,3,1224
254,733.03033,1,1224
255,733.03033,1,1224
256,733.03033,1,1224
257,733.03033,1,1224
258,733.03033,1,1224
259,733.03033,1,1224
260,733.03033,1,1224
261,733.03033,1,1224
262,733.03033,1,1224
263,733.03033,1,1224
264,733.03033,1,1224
265,733.03033,1,1224
266,733.03033,1,1224
267,733.03033,1,1224
268,733.03033,1,1224
269,733.03033,1,1224
270,733.03033,1,1224
271,733.03033,1,1224
272,733.03033,1,1224
273,733.03033,1,1224
274,733.03033,1,1224
275,733.03033,1,1224
276,733.03033,1,1224
277,733.03033,1,1224
278,733.03033,1,1224
279,733.03033,1,1224
280,733.03033,1,1224
281,733.03033,1,1224
282,733.03033,1,1224
283,733.03033,1,1224
284,733.03033,1,1224
285,733.03033,1,1224
286,733.03033,1,1224
287,733.03033,1,1224
288,733.03033,1,1224
289,733.03033,1,1224
290,733.03033,1,1224
291,733.03033,1,1224
292,733.03033,1,1224
293,733.03033,1,1224
294,733.03033,1,1224
295,733.03033,1,1224
296,733.03033,1,1224
297,733.03033,1,1224
298,733.03033,1,1224
299,733.03033,1,1224
300,733.03033,1,1224
301,733.03033,1,1224
302,733.03033,1,1224
303,733.03033,1,1224
304,733.03033,1,1224
305,733.03033,1,1224
306,733.03033,1,1224
307,733.03033,1,1224
308,733.03033,1,1224
309,733.03033,1,1224
310,733.03033,1,1224
311,733.03033,1,1224
312,733.03033,1,1224
313,733.03033,1,1224
314,733.03033,1,1224
315,733.03033,1,1224
316,733.03033,1,1224
317,733.03033,1,1224
318,733.03033,1,1224
319,733.03033,1,1224
320,733.03033,1,1224
321,733.03033,1,1224
322,733.03033,1,1224
323,733.03033,1,1224
324,733.03033,1,1224
325,733.03033,1,1224
326,733.03033,1,1224
327,733.03033,1,1224
328,733.03033,1,1224
329,733.03033,1,1224
330,733.03033,1,1224
331,733.03033,1,1224
332,733.03033,1,1224
333,733.03033,1,1224
334,733.03033,1,1224
335,733.03033,1,1224
336,733.03033,1,1224
337,733.03033,1,1224
338,733.03033,1,1224
339,733.03033,1,1224
340,733.03033,1,1224
341,733.03033,1,1224
342,733.03033,1,1224
343,733.03033,1,1224
344,733.03033,1,1224
345,733.03033,1,1224
346,733.03033,1,1224
347,733.03033,1,1224
348,733.03033,1,1224
349,733.03033,1,1224
350,733.03033,1,1224
351,733.03033,1,1224
352,733.03033,1,1224
353,733.03033,1,1224
354,733.03033,1,1224
355,733.03033,1,1224
356,755.0019,1,1224
357,755.0019,1,1224
358,755.0019,1,1224
359,755.0019,1,1224
360,755.0019,1,1224
361,755.0019,1,1224
362,755.0019,1,1224
363,755.0019,1,1224
364,755.0019,1,1224
365,755.0019,1,1224
366,755.0019,1,1224
367,755.0019,1,1224
368,755.0019,1,1224
369,755.0019,1,1224
370,755.0019,1,1224
371,755.0019,1,1224
372,755.0019,1,1224
373,755.0019,1,1224
374,755.0019,1,1224
375,755.0019,1,1224
376,755.0019,1,1224
377,755.0019,1,1224
378,755.0019,1,1224
379,755.0019,1,1224
380,755.0019,1,1224
381,755.0019,1,1224
382,755.0019,1,1224
383,755.0019,1,1224
384,755.0019,1,1224
385,755.0019,1,1224
386,755.0019,1,1224
387,755.0019,1,1224
388,755.0019,1,1224
389,755.0019,1,1224
390,755.0019,1,1224
391,755.0019,1,1224
392,755.0019,1,1224
393,755.0019,1,1224
394,755.0019,1,1224
395,755.0019,1,1224
396,755.0019,1,1224
397,755.0019,1,1224
398,755.0019,1,1224
399,755.0019,1,1224
400,755.0019,1,1224
401,755.0019,1,1224
402,755.0019,1,1224
403,755.0019,1,1224
404,755.0019,1,1224
405,755.0019,1,1224
406,755.0019,1,1224
407,755.0019,1,1224
408,755.0019,1,1224
409,755.0019,1,1224
410,755.0019,1,1224
411,755.0019,1,1224
412,755.0019,1,1224
413,755.0019,1,1224
414,755.0019,1,1224
415,755.0019,1,1224
416,755.0019,1,1224
417,755.0019,1,1224
418,755.0019,1,1224
419,755.0019,1,1224
420,755.0019,1,1224
421,755.0019,1,1224
422,755.0019,1,1224
423,755.0019,1,1224
424,755.0019,1,1224
425,755.0019,1,1224
426,755.0019,1,1224
427,755.0019,1,1224
428,755.0019,1,1224
429,755.0019,1,1224
430,755.0019,1,1224
431,755.0019,1,1224
432,755.0019,1,1224
433,755.0019,1,1224
434,755.0019,1,1224
435,755.0019,1,1224
436,755.0019,1,1224
437,755.0019,1,1224
438,755.0019,1,1224
439,755.0019,1,1224
440,755.0019,1,1224
441,755.0019,1,1224
442,755.0019,1,1224
443,755.0019,1,1224
444,755.0019,1,1224
445,755.0019,1,1224
446,755.0019,1,1224
447,755.0019,1,1224
448,755.0019,1,1224
449,755.0019,1,1224
450,755.0019,1,1224
451,755.0019,1,1224
452,755.0019,1,1224
453,755.0019,1,1224
454,755.0019,1,1224
455,755.0019,1,1224
456,755.0019,1,1224
457,755.0019,1,1224
458,755.0019,1,1224
459,755.0019,1,1224
460,755.0019,1,1224
461,755.0019,1,1224
462,755.0019,1,1224
463,755.0019,1,1224
464,755.0019,1,1224
465,755.0019,1,1224
466,755.0019,1,1224
467,755.0019,1,1224
468,755.0019,1,1224
469,755.0019,1,1224
470,755.0019,1,1224
471,755.0019,1,1224
472,755.0019,1,1224
473,755.0019,1,1224
474,755.0019,1,1224
475,755.0019,1,1224
476,755.0019,1,1224
477,755.0019,1,1224
478,755.0019,1,1224
479,755.0019,1,1224
480,755.0019,1,1224
481,755.0019,1,1224
482,755.0019,1,1224
483,755.0019,1,1224
484,755.0019,1,1224
485,755.0019,1,1224
486,755.0019,1,1224
487,755.0019,1,1224
488,755.0019,1,1224
489,755.0019,1,1224
490,755.0019,1,1224
491,755.0019,1,1224
492,755.0019,1,1224
493,755.0019,1,1224
494,755.0019,1,1224
495,755.0019,1,1224
496,755.0019,1,1224
497,755.0019,1,1224
498,755.0019,1,1224
499,755.0019,1,1224
500,755.0019,1,1224
501,755.0019,1,1224
502,755.0019,1,1224
503,755.0019,1,1224
504,755.0019,1,1224
505,755.0019,1,1224
506,755.0019,1,1224
507,755.0019,1,1224
508,755.0019,1,1224
509,755.0019,1,1224
510,755.0019,1,1224
511,755.0019,1,1224
512,755.0019,1,1224
513,755.0019,1,1224
514,755.0019,1,1224
515,755.0019,1,1224
516,755.0019,1,1224
517,755.0019,1,1224
518,755.0019,1,1224
519,755.0019,1,1224
520,755.0019,1,1224
521,755.0019,1,1224
522,755.0019,1,1224
523,755.0019,1,1224
524,755.0019,1,1224
525,755.0019,1,1224
526,755.0019,1,1224
527,755.0019,1,1224
528,755.0019,1,1224
529,755.0019,1,1224
530,755.0019,1,1224
531,755.0019,1,1224
532,755.0019,1,1224
533,755.0019,1,1224
534,755.0019,1,1224
535,755.0019,1,1224
536,755.0019,1,1224
537,755.0019,1,1224
538,755.0019,1,1224
539,755.0019,1,1224
540,755.0019,1,1224
541,755.0019,1,1224
542,755.0019,1,1224
543,755.0019,1,1224
544,755.0019,1,1224
545,755.0019,1,1224
546,755.0019,1,1224
547,755.0019,1,1224
548,755.0019,1,1224
549,755.0019,1,1224
550,755.0019,1,1224
551,755.0019,1,1224
552,755.0019,1,1224
553,755.0019,1,1224
554,755.0019,1,1224
555,755.0019,1,1224
556,755.0019,1,1224
557,755.0019,1,1224
558,755.0019,1,1224
559,755.0019,1,1224
560,755.0019,1,1224
561,755.0019,1,1224
562,755.0019,1,1224
563,755.0019,1,1224
564,755.0019,1,1224
565,755.0019,1,1224
566,755.0019,1,1224
567,755.0019,1,1224
568,755.0019,1,1224
569,755.0019,1,1224
570,755.0019,1,1224
571,755.0019,1,1224
572,755.0019,1,1224
573,755.0019,1,1224
574,755.0019,1,1224
575,755.0019,1,1224
576,755.0019,1,1224
577,755.0019,1,1224
578,755.0019,1,1224
579,755.0019,1,1224
580,755.0019,1,1224
581,755.0019,1,1224
582,755.0019,1,1224
583,755.0019,1,1224
584,755.0019,1,1224
585,755.0019,1,1224
586,755.0019,1,1224
587,755.0019,1,1224
588,755.0019,1,1224
589,755.0019,1,1224
590,755.0019,1,1224
591,755.0019,1,1224
592,755.0019,1,1224
593,755.0019,1,1224
594,755.0019,1,1224
595,755.0019,1,1224
596,755.0019,1,1224
597,755.0019,1,1224
598,755.0019,1,1224
599,755.0019,1,1224
600,755.0019,1,1224
601,755.0019,1,1224
602,755.0019,1,1224
603,755.0019,1,1224
604,755.0019,1,1224
605,755.0019,1,1224
606,755.0019,1,1224
607,755.0019,1,1224
608,755.0019,1,1224
609,755.0019,1,1224
610,755.0019,1,1224
611,755.0019,1,1224
612,755.0019,1,1224
613,755.0019,1,1224
614,755.0019,1,1224
615,755.0019,1,1224
616,755.0019,1,1224
617,755.0019,1,1224
618,755.0019,1,1224
619,755.0019,1,1224
620,755.0019,1,1224
621,755.0019,1,1224
622,755.0019,1,1224
623,345.00604,2,1224
624,345.00604,2,1224
625,345.00604,2,1224
626,345.00604,2,1224
627,345.00604,2,1224
628,345.00604,2,1224
629,345.00604,2,1224
630,345.00604,2,1224
631,345.00604,2,1224
632,345.00604,2,1224
633,345.00604,2,1224
634,345.00604,2,1224
635,345.00604,2,1224
636,345.00604,2,1224
637,345.00604,2,1224
638,345.00604,2,1224
639,345.00604,2,1224
640,345.00604,2,1224
641,345.00604,2,1224
642,345.00604,2,1224
643,345.00604,2,1224
644,345.00604,2,1224
645,345.00604,2,1224
646,345.00604,2,1224
647,345.00604,2,1224
648,345.00604,2,1224
649,345.00604,2,1224
650,345.00604,2,1224
651,345.00604,2,1224
652,345.00604,2,1224
653,345.00604,2,1224
654,345.00604,2,1224
655,345.00604,2,1224
656,345.00604,2,1224
657,345.00604,2,1224
658,345.00604,2,1224
659,345.00604,2,1224
660,345.00604,2,1224
661,345.00604,2,1224
662,345.00604,2,1224
663,345.00604,2,1224
664,345.00604,2,1224
665,345.00604,2,1224
666,345.00604,2,1224
667,345.00604,2,1224
668,345.00604,2,1224
669,345.00604,2,1224
670,345.00604,2,1224
671,345.00604,2,1224
672,345.00604,2,1224
673,345.00604,2,1224
674,345.00604,2,1224
675,345.00604,2,1224
676,345.00604,2,1224
677,345.00604,2,1224
678,345.00604,2,1224
679,345.00604,2,1224
680,345.00604,2,1224
681,345.00604,2,1224
682,345.00604,2,1224
683,345.00604,2,1224
684,345.00604,2,1224
685,345.00604,2,1224
686,345.00604,2,1224
687,345.00604,2,1224
688,345.00604,2,1224
689,345.00604,2,1224
690,345.00604,2,1224
691,345.00604,2,1224
692,345.00604,2,1224
693,345.00604,2,1224
694,345.00604,2,1224
695,345.00604,2,1224
696,345.00604,2,1224
697,345.00604,2,1224
698,345.00604,2,1224
699,345.00604,2,1224
700,345.00604,2,1224
701,345.00604,2,1224
702,345.00604,2,1224
703,345.00604,2,1224
704,345.00604,2,1224
705,345.00604,2,1224
706,345.00604,2,1224
707,345.00604,2,1224
708,345.00604,2,1224
709,345.00604,2,1224
710,345.00604,2,1224
711,345.00604,2,1224
712,345.00604,2,1224
713,345.00604,2,1224
714,345.00604,2,1224
715,345.00604,2,1224
716,345.00604,2,1224
717,345.00604,2,1224
718,345.00604,2,1224
719,345.00604,2,1224
720,345.00604,2,1224
721,345.00604,2,1224
722,345.00604,2,1224
723,345.00604,2,1224
724,345.00604,2,1224
725,345.00604,2,1224
726,345.00604,2,1224
727,345.00604,2,1224
728,345.00604,2,1224
729,345.00604,2,1224
730,345.00604,2,1224
731,345.00604,2,1224
732,345.00604,2,1224
733,345.00604,2,1224
734,345.00604,2,1224
735,345.00604,2,1224
736,345.00604,2,1224
737,345.00604,2,1224
738,345.00604,2,1224
739,345.00604,2,1224
740,345.00604,2,1224
741,345.00604,2,1224
742,345.00604,2,1224
743,345.00604,2,1224
744,345.00604,2,1224
745,345.00604,2,1224
746,345.00604,2,1224
747,345.00604,2,1224
748,345.00604,2,1224
749,345.00604,2,1224
750,345.00604,2,1224
751,345.00604,2,1224
752,345.00604,2,1224
753,345.00604,2,1224
754,345.00604,2,1224
755,345.00604,2,1224
756,345.00604,2,1224
757,345.00604,2,1224
758,345.00604,2,1224
759,345.00604,2,1224
760,345.00604,2,1224
761,345.00604,2,1224
762,345.00604,2,1224
763,345.00604,2,1224
764,345.00604,2,1224
765,345.00604,2,1224
766,345.00604,2,1224
767,345.00604,2,1224
768,345.00604,2,1224
769,345.00604,2,1224
770,345.00604,2,1224
771,345.00604,2,1224
772,345.00604,2,1224
773,345.00604,2,1224
774,345.00604,2,1224
775,345.00604,2,1224
776,345.00604,2,1224
777,345.00604,2,1224
778,345.00604,2,1224
779,345.00604,2,1224
780,345.00604,2,1224
781,345.00604,2,1224
782,345.00604,2,1224
783,345.00604,2,1224
784,345.00604,2,1224
785,345.00604,2,1224
786,345.00604,2,1224
787,345.00604,2,1224
788,345.00604,2,1224
789,345.00604,2,1224
790,345.00604,2,1224
791,345.00604,2,1224
792,345.00604,2,1224
793,345.00604,2,1224
794,345.00604,2,1224
795,345.00604,2,1224
796,345.00604,2,1224
797,345.00604,2,1224
798,345.00604,2,1224
799,345.00604,2,1224
800,345.00604,2,1224
801,345.00604,2,1224
802,345.00604,2,1224
803,345.00604,2,1224
804,345.00604,2,1224
805,345.00604,2,1224
806,345.00604,2,1224
807,345.00604,2,1224
808,345.00604,2,1224
809,345.00604,2,1224
810,345.00604,2,1224
811,345.00604,2,1224
812,345.00604,2,1224
813,345.00604,2,1224
814,345.00604,2,1224
815,345.00604,2,1224
816,345.00604,2,1224
817,345.00604,2,1224
818,345.00604,2,1224
819,345.00604,2,1224
820,345.00604,2,1224
821,345.00604,2,1224
822,345.00604,2,1224
823,345.00604,2,1224
824,345.00604,2,1224
825,345.00604,2,1224
826,345.00604,2,1224
827,345.00604,2,1224
828,345.00604,2,1224
829,345.00604,2,1224
830,345.00604,2,1224
831,345.00604,2,1224
832,345.00604,2,1224
833,345.00604,2,1224
834,345.00604,2,1224
835,345.00604,2,1224
836,345.00604,2,1224
837,345.00604,2,1224
838,345.00604,2,1224
839,345.00604,2,1224
840,345.00604,2,1224
841,345.00604,2,1224
842,345.00604,2,1224
843,345.00604,2,1224
844,345.00604,2,1224
845,345.00604,2,1224
846,345.00604,2,1224
847,345.00604,2,1224
848,345.00604,2,1224
849,345.00604,2,1224
850,345.00604,2,1224
851,345.00604,2,1224
852,345.00604,2,1224
853,345.00604,2,1224
854,345.00604,2,1224
855,345.00604,2,1224
856,345.00604,2,1224
857,345.00604,2,1224
858,345.00604,2,1224
859,345.00604,2,1224
860,345.00604,2,1224
861,345.00604,2,1224
862,345.00604,2,1224
863,345.00604,2,1224
864,345.00604,2,1224
865,345.00604,2,1224
866,345.00604,2,1224
867,345.00604,2,1224
868,345.00604,2,1224
869,345.00604,2,1224
870,345.00604,2,1224
871,345.00604,2,1224
872,345.00604,2,1224
873,345.00604,2,1224
874,345.00604,2,1224
875,345.00604,2,1224
876,345.00604,2,1224
877,345.00604,2,1224
878,345.00604,2,1224
879,345.00604,2,1224
880,345.00604,2,1224
881,345.00604,2,1224
882,345.00604,2,1224
883,345.00604,2,1224
884,345.00604,2,1224
885,345.00604,2,1224
886,345.00604,2,1224
887,345.00604,2,1224
888,345.00604,2,1224
889,345.00604,2,1224
890,345.00604,2,1224
891,345.00604,2,1224
892,345.00604,2,1224
893,345.00604,2,1224
894,345.00604,2,1224
895,345.00604,2,1224
896,345.00604,2,1224
897,345.00604,2,1224
898,345.00604,2,1224
899,345.00604,2,1224
900,345.00604,2,1224
901,345.00604,2,1224
902,345.00604,2,1224
903,345.00604,2,1224
904,345.00604,2,1224
905,757.1742,1,1224
906,757.1742,1,1224
907,757.1742,1,1224
908,757.1742,1,1224
909,757.1742,1,1224
910,757.1742,1,1224
911,757.1742,1,1224
912,757.1742,1,1224
913,757.1742,1,1224
914,757.1742,1,1224
915,757.1742,1,1224
916,757.1742,1,1224
917,757.1742,1,1224
918,757.1742,1,1224
919,757.1742,1,1224
920,757.1742,1,1224
921,757.1742,1,1224
922,757.1742,1,1224
923,757.1742,1,1224
924,757.1742,1,1224
925,757.1742,1,1224
926,757.1742,1,1224
927,757.1742,1,1224
928,757.1742,1,1224
929,757.1742,1,1224
930,757.1742,1,1224
931,757.1742,1,1224
932,757.1742,1,1224
933,757.1742,1,1224
934,757.1742,1,1224
935,757.1742,1,1224
936,757.1742,1,1224
937,757.1742,1,1224
938,757.1742,1,1224
939,757.1742,1,1224
940,757.1742,1,1224
941,757.1742,1,1224
942,757.1742,1,1224
943,757.1742,1,1224
944,757.1742,1,1224
945,757.1742,1,1224
946,757.1742,1,1224
947,757.1742,1,1224
948,757.1742,1,1224
949,757.1742,1,1224
950,757.1742,1,1224
951,757.1742,1,1224
952,757.1742,1,1224
953,757.1742,1,1224
954,757.1742,1,1224
955,757.1742,1,1224
956,757.1742,1,1224
957,757.1742,1,1224
958,757.1742,1,1224
959,757.1742,1,1224
960,757.1742,1,1224
961,757.1742,1,1224
962,757.1742,1,1224
963,757.1742,1,1224
964,757.1742,1,1224
965,757.1742,1,1224
966,757.1742,1,1224
967,757.1742,1,1224
968,757.1742,1,1224
969,757.1742,1,1224
970,757.1742,1,1224
971,757.1742,1,1224
972,757.1742,1,1224
973,757.1742,1,1224
974,757.1742,1,1224
975,757.1742,1,1224
976,757.1742,1,1224
977,757.1742,1,1224
978,757.1742,1,1224
979,757.1742,1,1224
980,757.1742,1,1224
981,757.1742,1,1224
982,757.1742,1,1224
983,757.1742,1,1224
984,757.1742,1,1224
985,757.1742,1,1224
986,757.1742,1,1224
987,757.1742,1,1224
988,757.1742,1,1224
989,757.1742,1,1224
990,757.1742,1,1224
991,757.1742,1,1224
992,757.1742,1,1224
993,757.1742,1,1224
994,757.1742,1,1224
995,757.1742,1,1224
996,757.1742,1,1224
997,757.1742,1,1224
998,757.1742,1,1224
999,757.1742,1,1224
1000,757.1742,1,1224
1001,757.1742,1,1224
1002,757.1742,1,1224
1003,757.1742,1,1224
1004,757.1742,1,1224
1005,757.1742,1,1224
1006,757.1742,1,1224
1007,757.1742,1,1224
1008,757.1742,1,1224
1009,757.1742,1,1224
1010,757.1742,1,1224
1011,757.1742,1,1224
1012,757.1742,1,1224
1013,757.1742,1,1224
1014,757.1742,1,1224
1015,757.1742,1,1224
1016,757.1742,1,1224
1017,757.1742,1,1224
1018,757.1742,1,1224
1019,757.1742,1,1224
1020,757.1742,1,1224
1021,757.1742,1,1224
1022,757.1742,1,1224
1023,757.1742,1,1224
1024,757.1742,1,1224
1025,757.1742,1,1224
1026,757.1742,1,1224
1027,757.1742,1,1224
1028,757.1742,1,1224
1029,757.1742,1,1224
1030,757.1742,1,1224
1031,757.1742,1,1224
1032,757.1742,1,1224
1033,757.1742,1,1224
1034,757.1742,1,1224
1035,757.1742,1,1224
1036,757.1742,1,1224
1037,757.1742,1,1224
1038,757.1742,1,1224
1039,757.1742,1,1224
1040,757.1742,1,1224
1041,757.1742,1,1224
1042,757.1742,1,1224
1043,757.1742,1,1224
1044,757.1742,1,1224
1045,757.1742,1,1224
1046,757.1742,1,1224
1047,757.1742,1,1224
1048,757.1742,1,1224
1049,757.1742,1,1224
1050,757.1742,1,1224
1051,757.1742,1,1224
1052,757.1742,1,1224
1053,757.1742,1,1224
1054,757.1742,1,1224
1055,757.1742,1,1224
1056,757.1742,1,1224
1057,757.1742,1,1224
1058,757.1742,1,1224
1059,757.1742,1,1224
1060,757.1742,1,1224
1061,757.1742,1,1224
1062,757.1742,1,1224
1063,757.1742,1,1224
1064,757.1742,1,1224
1065,757.1742,1,1224
1066,757.1742,1,1224
1067,757.1742,1,1224
1068,757.1742,1,1224
1069,757.1742,1,1224
1070,757.1742,1,1224
1071,757.1742,1,1224
1072,757.1742,1,1224
1073,757.1742,1,1224
1074,757.1742,1,1224
1075,757.1742,1,1224
1076,757.1742,1,1224
1077,757.1742,1,1224
1078,757.1742,1,1224
1079,757.1742,1,1224
1080,757.1742,1,1224
1081,757.1742,1,1224
1082,757.1742,1,1224
1083,757.1742,1,1224
1084,757.1742,1,1224
1085,757.1742,1,1224
1086,757.1742,1,1224
1087,757.1742,1,1224
1088,757.1742,1,1224
1089,757.1742,1,1224
1090,757.1742,1,1224
1091,757.1742,1,1224
1092,757.1742,1,1224
1093,757.1742,1,1224
1094,757.1742,1,1224
1095,757.1742,1,1224
1096,757.1742,1,1224
1097,757.1742,1,1224
1098,757.1742,1,1224
1099,757.1742,1,1224
1100,757.1742,1,1224
1101,757.1742,1,1224
1102,757.1742,1,1224
1103,757.1742,1,1224
1104,757.1742,1,1224
1105,757.1742,1,1224
1106,757.1742,1,1224
1107,757.1742,1,1224
1108,757.1742,1,1224
1109,757.1742,1,1224
1110,757.1742,1,1224
1111,757.1742,1,1224
1112,757.1742,1,1224
1113,757.1742,1,1224
1114,757.1742,1,1224
1115,757.1742,1,1224
1116,757.1742,1,1224
1117,757.1742,1,1224
1118,757.1742,1,1224
1119,757.1742,1,1224
1120,757.1742,1,1224
1121,757.1742,1,1224
1122,757.1742,1,1224
1123,757.1742,1,1224
1124,757.1742,1,1224
1125,757.1742,1,1224
1126,757.1742,1,1224
1127,757.1742,1,1224
1128,757.1742,1,1224
1129,757.1742,1,1224
1130,757.1742,1,1224
1131,757.1742,1,1224
1132,757.1742,1,1224
1133,757.1742,1,1224
1134,757.1742,1,1224
1135,757.1742,1,1224
1136,757.1742,1,1224
1137,757.1742,1,1224
1138,757.1742,1,1224
1139,757.1742,1,1224
1140,757.1742,1,1224
1141,757.1742,1,1224
1142,757.1742,1,1224
1143,757.1742,1,1224
1144,757.1742,1,1224
1145,757.1742,1,1224
1146,757.1742,1,1224
1147,757.1742,1,1224
1148,757.1742,1,1224
1149,757.1742,1,1224
1150,757.1742,1,1224
1151,757.1742,1,1224
1152,757.1742,1,1224
1153,757.1742,1,1224
1154,757.1742,1,1224
1155,757.1742,1,1224
1156,757.1742,1,1224
1157,757.1742,1,1224
1158,757.1742,1,1224
1159,757.1742,1,1224
1160,757.1742,1,1224
1161,757.1742,1,1224
1162,757.1742,1,1224
1163,757.1742,1,1224
1164,757.1742,1,1224
1165,757.1742,1,1224
1166,757.1742,1,1224
1167,757.1742,1,1224
1168,757.1742,1,1224
1169,757.1742,1,1224
1170,757.1742,1,1224
1171,757.1742,1,1224
1172,757.1742,1,1224
1173,757.1742,1,1224
1174,757.1742,1,1224
1175,692.0894,1,1224
1176,692.0894,1,1224
1177,692.0894,1,1224
1178,692.0894,1,1224
1179,692.0894,1,1224
1180,692.0894,1,1224
1181,692.0894,1,1224
1182,692.0894,1,1224
1183,692.0894,1,1224
1184,692.0894,1,1224
1185,692.0894,1,1224
1186,692.0894,1,1224
1187,692.0894,1,1224
1188,692.0894,1,1224
1189,692.0894,1,1224
1190,692.0894,1,1224
1191,692.0894,1,1224
1192,692.0894,1,1224
1193,692.0894,1,1224
1194,692.0894,1,1224
1195,692.0894,1,1224
1196,692.0894,1,1224
1197,692.0894,1,1224
1198,692.0894,1,1224
1199,692.0894,1,1224
1200,692.0894,1,1224
1201,692.0894,1,1224
1202,692.0894,1,1224
1203,692.0894,1,1224
1204,692.0894,1,1224
1205,692.0894,1,1224
1206,692.0894,1,1224
1207,692.0894,1,1224
1208,692.0894,1,1224
1209,692.0894,1,1224
1210,692.0894,1,1224
1211,692.0894,1,1224
1212,692.0894,1,1224
1213,692.0894,1,1224
1214,692.0894,1,1224
1215,692.0894,1,1224
1216,692.0894,1,1224
1217,692.0894,1,1224
1218,692.0894,1,1224
1219,692.0894,1,1224
1220,692.0894,1,1224
1221,692.0894,1,1224
1222,692.0894,1,1224
1223,692.0894,1,1224
1224,692.0894,1,1224
1225,692.0894,1,1224
1226,692.0894,1,1224
1227,692.0894,1,1224
1228,692.0894,1,1224
1229,692.0894,1,1224
1230,692.0894,1,1224
1231,692.0894,1,1224
1232,692.0894,1,1224
1233,692.0894,1,1224
1234,692.0894,1,1224
1235,692.0894,1,1224
1236,692.0894,1,1224
1237,692.0894,1,1224
1238,692.0894,1,1224
1239,692.0894,1,1224
1240,692.0894,1,1224
1241,692.0894,1,1224
1242,692.0894,1,1224
1243,692.0894,1,1224
1244,692.0894,1,1224
1245,692.0894,1,1224
1246,692.0894,1,1224
1247,692.0894,1,1224
1248,692.0894,1,1224
1249,692.0894,1,1224
1250,692.0894,1,1224
1251,692.0894,1,1224
1252,692.0894,1,1224
1253,692.0894,1,1224
1254,692.0894,1,1224
1255,692.0894,1,1224
1256,692.0894,1,1224
1257,692.0894,1,1224
1258,692.0894,1,1224
1259,692.0894,1,1224
1260,692.0894,1,1224
1261,692.0894,1,1224
1262,692.0894,1,1224
1263,692.0894,1,1224
1264,692.0894,1,1224
1265,692.0894,1,1224
1266,692.0894,1,1224
1267,692.0894,1,1224
1268,692.0894,1,1224
1269,692.0894,1,1224
1270,692.0894,1,1224
1271,692.0894,1,1224
1272,692.0894,1,1224
1273,692.0894,1,1224
1274,692.0894,1,1224
1275,692.0894,1,1224
1276,692.0894,1,1224
1277,692.0894,1,1224
1278,692.0894,1,1224
1279,692.0894,1,1224
1280,692.0894,1,1224
1281,692.0894,1,1224
1282,692.0894,1,1224
1283,692.0894,1,1224
1284,692.0894,1,1224
1285,692.0894,1,1224
1286,692.0894,1,1224
1287,692.0894,1,1224
1288,692.0894,1,1224
1289,692.0894,1,1224
1290,692.0894,1,1224
1291,692.0894,1,1224
1292,692.0894,1,1224
1293,692.0894,1,1224
1294,692.0894,1,1224
1295,692.0894,1,1224
1296,692.0894,1,1224
1297,692.0894,1,1224
1298,692.0894,1,1224
1299,692.0894,1,1224
1300,692.0894,1,1224
1301,692.0894,1,1224
1302,692.0894,1,1224
1303,692.0894,1,1224
1304,692.0894,1,1224
1305,692.0894,1,1224
1306,692.0894,1,1224
1307,692.0894,1,1224
1308,692.0894,1,1224
1309,692.0894,1,1224
1310,692.0894,1,1224
1311,692.0894,1,1224
1312,692.0894,1,1224
1313,692.0894,1,1224
1314,692.0894,1,1224
1315,692.0894,1,1224
1316,692.0894,1,1224
1317,692.0894,1,1224
1318,692.0894,1,1224
1319,692.0894,1,1224
1320,692.0894,1,1224
1321,692.0894,1,1224
1322,692.0894,1,1224
1323,692.0894,1,1224
1324,692.0894,1,1224
1325,692.0894,1,1224
1326,692.0894,1,1224
1327,692.0894,1,1224
1328,692.0894,1,1224
1329,692.0894,1,1224
1330,692.0894,1,1224
1331,692.0894,1,1224
1332,692.0894,1,1224
1333,692.0894,1,1224
1334,692.0894,1,1224
1335,692.0894,1,1224
1336,692.0894,1,1224
1337,692.0894,1,1224
1338,692.0894,1,1224
1339,692.0894,1,1224
1340,692.0894,1,1224
1341,692.0894,1,1224
1342,692.0894,1,1224
1343,692.0894,1,1224
1344,692.0894,1,1224
1345,692.0894,1,1224
1346,692.0894,1,1224
1347,692.0894,1,1224
1348,692.0894,1,1224
1349,692.0894,1,1224
1350,692.0894,1,1224
1351,692.0894,1,1224
1352,692.0894,1,1224
1353,692.0894,1,1224
1354,692.0894,1,1224
1355,692.0894,1,1224
1356,692.0894,1,1224
1357,692.0894,1,1224
1358,692.0894,1,1224
1359,692.0894,1,1224
1360,692.0894,1,1224
1361,692.0894,1,1224
1362,692.0894,1,1224
1363,692.0894,1,1224
1364,692.0894,1,1224
1365,692.0894,1,1224
1366,692.0894,1,1224
1367,692.0894,1,1224
1368,692.0894,1,1224
1369,692.0894,1,1224
1370,692.0894,1,1224
1371,692.0894,1,1224
1372,692.0894,1,1224
1373,692.0894,1,1224
1374,692.0894,1,1224
1375,692.0894,1,1224
1376,692.0894,1,1224
1377,692.0894,1,1224
1378,692.0894,1,1224
1379,692.0894,1,1224
1380,692.0894,1,1224
1381,692.0894,1,1224
1382,692.0894,1,1224
1383,692.0894,1,1224
1384,692.0894,1,1224
1385,692.0894,1,1224
1386,692.0894,1,1224
1387,692.0894,1,1224
1388,692.0894,1,1224
1389,692.0894,1,1224
1390,692.0894,1,1224
1391,692.0894,1,1224
1392,692.0894,1,1224
1393,692.0894,1,1224
1394,692.0894,1,1224
1395,692.0894,1,1224
1396,692.0894,1,1224
1397,692.0894,1,1224
1398,692.0894,1,1224
1399,692.0894,1,1224
1400,692.0894,1,1224
1401,692.0894,1,1224
1402,692.0894,1,1224
1403,692.0894,1,1224
1404,692.0894,1,1224
1405,692.0894,1,1224
1406,692.0894,1,1224
1407,692.0894,1,1224
1408,692.0894,1,1224
1409,692.0894,1,1224
1410,692.0894,1,1224
1411,692.0894,1,1224
1412,692.0894,1,1224
1413,692.0894,1,1224
1414,692.0894,1,1224
1415,692.0894,1,1224
1416,692.0894,1,1224
1417,692.0894,1,1224
1418,692.0894,1,1224
1419,692.0894,1,1224
1420,692.0894,1,1224
1421,692.0894,1,1224
1422,692.0894,1,1224
1423,692.0894,1,1224
1424,692.0894,1,1224
1425,692.0894,1,1224
1426,692.0894,1,1224
1427,692.0894,1,1224
1428,692.0894,1,1224
1429,692.0894,1,1224
1430,692.0894,1,1224
1431,692.0894,1,1224
1432,692.0894,1,1224
1433,692.0894,1,1224
1434,692.0894,1,1224
1435,692.0894,1,1224
1436,692.0894,1,1224
1437,692.0894,1,1224
1438,692.0894,1,1224
1439,692.0894,1,1224
1440,692.0894,1,1224
1441,692.0894,1,1224
1442,692.0894,1,1224
1443,692.0894,1,1224
1444,692.0894,1,1224
1445,692.0894,1,1224
1446,692.0894,1,1224
1447,692.0894,1,1224
1448,692.0894,1,1224
1449,692.0894,1,1224
1450,692.0894,1,1224
1451,692.0894,1,1224
1452,692.0894,1,1224
1453,692.0894,1,1224
1454,692.0894,1,1224
1455,692.0894,1,1224
1456,692.0894,1,1224
1457,692.0894,1,1224
1458,320.8625,3,1224
1459,320.8625,3,1224
1460,320.8625,3,1224
1461,320.8625,3,1224
1462,320.8625,3,1224
1463,320.8625,3,1224
1464,320.8625,3,1224
1465,320.8625,3,1224
1466,320.8625,3,1224
1467,320.8625,3,1224
1468,320.8625,3,1224
1469,320.8625,3,1224
1470,320.8625,3,1224
1471,320.8625,3,1224
1472,320.8625,3,1224
1473,320.8625,3,1224
1474,320.8625,3,1224
1475,320.8625,3,1224
1476,320.8625,3,1224
1477,320.8625,3,1224
1478,320.8625,3,1224
1479,320.8625,3,1224
1480,320.8625,3,1224
1481,320.8625,3,1224
1482,320.8625,3,1224
1483,320.8625,3,1224
1484,320.8625,3,1224
1485,320.8625,3,1224
1486,320.8625,3,1224
1487,320.8625,3,1224
1488,320.8625,3,1224
1489,320.8625,3,1224
1490,320.8625,3,1224
1491,320.8625,3,1224
1492,320.8625,3,1224
1493,320.8625,3,1224
1494,320.8625,3,1224
1495,320.8625,3,1224
1496,320.8625,3,1224
1497,320.8625,3,1224
1498,320.8625,3,1224
1499,320.8625,3,1224
1500,320.8625,3,1224
1501,320.8625,3,1224
1502,320.8625,3,1224
1503,320.8625,3,1224
1504,320.8625,3,1224
1505,320.8625,3,1224
1506,320.8625,3,1224
1507,320.8625,3,1224
1508,320.8625,3,1224
1509,320.8625,3,1224
1510,320.8625,3,1224
1511,320.8625,3,1224
1512,320.8625,3,1224
1513,320.8625,3,1224
1514,320.8625,3,1224
1515,320.8625,3,1224
1516,320.8625,3,1224
1517,320.8625,3,1224
1518,320.8625,3,1224
1519,320.8625,3,1224
1520,320.8625,3,1224
1521,320.8625,3,1224
1522,320.8625,3,1224
1523,320.8625,3,1224
1524,320.8625,3,1224
1525,320.8625,3,1224
1526,320.8625,3,1224
1527,320.8625,3,1224
1528,320.8625,3,1224
1529,320.8625,3,1224
1530,320.8625,3,1224
1531,320.8625,3,1224
1532,320.8625,3,1224
1533,320.8625,3,1224
1534,320.8625,3,1224
1535,320.8625,3,1224
1536,320.8625,3,1224
1537,320.8625,3,1224
1538,320.8625,3,1224
1539,320.8625,3,1224
1540,320.8625,3,1224
1541,320.8625,3,1224
1542,320.8625,3,1224
1543,320.8625,3,1224
1544,320.8625,3,1224
1545,320.8625,3,1224
1546,320.8625,3,1224
1547,320.8625,3,1224
1548,320.8625,3,1224
1549,320.8625,3,1224
1550,320.8625,3,1224
1551,320.8625,3,1224
1552,320.8625,3,1224
1553,320.8625,3,1224
1554,320.8625,3,1224
1555,320.8625,3,1224
1556,320.8625,3,1224
1557,320.8625,3,1224
1558,320.8625,3,1224
1559,320.8625,3,1224
1560,320.8625,3,1224
1561,320.8625,3,1224
1562,320.8625,3,1224
1563,320.8625,3,1224
1564,320.8625,3,1224
1565,320.8625,3,1224
1566,320.8625,3,1224
1567,320.8625,3,1224
1568,320.8625,3,1224
1569,320.8625,3,1224
1570,320.8625,3,1224
1571,320.8625,3,1224
1572,320.8625,3,1224
1573,320.8625,3,1224
1574,320.8625,3,1224
1575,320.8625,3,1224
1576,320.8625,3,1224
1577,320.8625,3,1224
1578,320.8625,3,1224
1579,320.8625,3,1224
1580,320.8625,3,1224
1581,320.8625,3,1224
1582,320.8625,3,1224
1583,320.8625,3,1224
1584,320.8625,3,1224
1585,320.8625,3,1224
1586,320.8625,3,1224
1587,320.8625,3,1224
1588,320.8625,3,1224
1589,320.8625,3,1224
1590,320.8625,3,1224
1591,320.8625,3,1224
1592,320.8625,3,1224
1593,320.8625,3,1224
1594,320.8625,3,1224
1595,320.8625,3,1224
1596,320.8625,3,1224
1597,320.8625,3,1224
1598,320.8625,3,1224
1599,320.8625,3,1224
1600,320.8625,3,1224
1601,320.8625,3,1224
1602,320.8625,3,1224
1603,320.8625,3,1224
1604,320.8625,3,1224
1605,320.8625,3,1224
1606,320.8625,3,1224
1607,320.8625,3,1224
1608,320.8625,3,1224
1609,320.8625,3,1224
1610,320.8625,3,1224
1611,320.8625,3,1224
1612,320.8625,3,1224
1613,320.8625,3,1224
1614,320.8625,3,1224
1615,320.8625,3,1224
1616,320.8625,3,1224
1617,320.8625,3,1224
1618,320.8625,3,1224
1619,320.8625,3,1224
1620,320.8625,3,1224
1621,320.8625,3,1224
1622,320.8625,3,1224
1623,320.8625,3,1224
1624,320.8625,3,1224
1625,320.8625,3,1224
1626,320.8625,3,1224
1627,320.8625,3,1224
1628,320.8625,3,1224
1629,320.8625,3,1224
1630,320.8625,3,1224
1631,320.8625,3,1224
1632,320.8625,3,1224
1633,320.8625,3,1224
1634,320.8625,3,1224
1635,320.8625,3,1224
1636,320.8625,3,1224
1637,320.8625,3,1224
1638,320.8625,3,1224
1639,320.8625,3,1224
1640,320.8625,3,1224
1641,320.8625,3,1224
1642,320.8625,3,1224
1643,320.8625,3,1224
1644,320.8625,3,1224
1645,320.8625,3,1224
1646,320.8625,3,1224
1647,320.8625,3,1224
1648,320.8625,3,1224
1649,320.8625,3,1224
1650,320.8625,3,1224
1651,320.8625,3,1224
1652,320.8625,3,1224
1653,320.8625,3,1224
1654,320.8625,3,1224
1655,320.8625,3,1224
1656,320.8625,3,1224
1657,320.8625,3,1224
1658,320.8625,3,1224
1659,320.8625,3,1224
1660,320.8625,3,1224
1661,320.8625,3,1224
1662,320.8625,3,1224
1663,320.8625,3,1224
1664,320.8625,3,1224
1665,320.8625,3,1224
1666,320.8625,3,1224
1667,320.8625,3,1224
1668,320.8625,3,1224
1669,320.8625,3,1224
1670,320.8625,3,1224
1671,320.8625,3,1224
1672,320.8625,3,1224
1673,320.8625,3,1224
1674,320.8625,3,1224
1675,320.8625,3,1224
1676,320.8625,3,1224
1677,320.8625,3,1224
1678,320.8625,3,1224
1679,320.8625,3,1224
1680,320.8625,3,1224
1681,320.8625,3,1224
1682,320.8625,3,1224
1683,320.8625,3,1224
1684,320.8625,3,1224
1685,320.8625,3,1224
1686,320.8625,3,1224
1687,320.8625,3,1224
1688,320.8625,3,1224
1689,320.8625,3,1224
1690,320.8625,3,1224
1691,320.8625,3,1224
1692,320.8625,3,1224
1693,320.8625,3,1224
1694,320.8625,3,1224
1695,320.8625,3,1224
1696,320.8625,3,1224
1697,320.8625,3,1224
1698,320.8625,3,1224
1699,320.8625,3,1224
1700,320.8625,3,1224
1701,320.8625,3,1224
1702,320.8625,3,1224
1703,320.8625,3,1224
1704,320.8625,3,1224
1705,320.8625,3,1224
1706,320.8625,3,1224
1707,320.8625,3,1224
1708,320.8625,3,1224
1709,320.8625,3,1224
1710,320.8625,3,1224
1711,320.8625,3,1224
1712,320.8625,3,1224
1713,320.8625,3,1224
1714,320.8625,3,1224
1715,320.8625,3,1224
1716,320.8625,3,1224
1717,320.8625,3,1224
1718,320.8625,3,1224
1719,320.8625,3,1224
1720,320.8625,3,1224
1721,320.8625,3,1224
1722,320.8625,3,1224
1723,320.8625,3,1224
1724,320.8625,3,1224
1725,320.8625,3,1224
1726,320.8625,3,1224
1727,320.8625,3,1224
1728,320.8625,3,1224
1729,320.8625,3,1224
1730,320.8625,3,1224
1731,320.8625,3,1224
1732,320.8625,3,1224
1733,320.8625,3,1224
1734,320.8625,3,1224
1735,320.8625,3,1224
1736,320.8625,3,1224
1737,320.8625,3,1224
1738,320.8625,3,1224
1739,320.8625,3,1224
1740,320.8625,3,1224
1741,320.8625,3,1224
1742,320.8625,3,1224
1743,320.8625,3,1224
1744,320.8625,3,1224
1745,320.8625,3,1224
1746,320.8625,3,1224
1747,320.8625,3,1224
1748,320.8625,3,1224
1749,320.8625,3,1224
1750,320.8625,3,1224
1751,320.8625,3,1224
1752,320.8625,3,1224
1753,320.8625,3,1224
1754,320.8625,3,1224
1755,320.8625,3,1224
1756,320.8625,3,1224
1757,320.8625,3,1224
1758,320.8625,3,1224
1759,320.8625,3,1224
1760,320.8625,3,1224
1761,320.8625,3,1224
1762,320.8625,3,1224
1763,320.8625,3,1224
1764,320.8625,3,1224
1765,320.8625,3,1224
1766,320.8625,3,1224
1767,320.8625,3,1224
1768,320.8625,3,1224
1769,320.8625,3,1224
1770,320.8625,3,1224
1771,320.8625,3,1224
1772,320.8625,3,1224
1773,320.8625,3,1224
1774,320.8625,3,1224
1775,320.8625,3,1224
1776,320.8625,3,1224
1777,320.8625,3,1224
1778,320.8625,3,1224
1779,320.8625,3,1224
1780,320.8625,3,1224
1781,320.8625,3,1224
1782,320.8625,3,1224
1783,320.8625,3,1224
1784,320.8625,3,1224
1785,320.8625,3,1224
1786,320.8625,3,1224
1787,320.8625,3,1224
1788,320.8625,3,1224
1789,320.8625,3,1224
1790,320.8625,3,1224
1791,320.8625,3,1224
1792,320.8625,3,1224
1793,320.8625,3,1224
1794,320.8625,3,1224
1795,320.8625,3,1224
1796,320.8625,3,1224
1797,320.8625,3,1224
1798,320.8625,3,1224
1799,320.8625,3,1224
1800,320.8625,3,1224
1801,320.8625,3,1224
1802,320.8625,3,1224
1803,320.8625,3,1224
1804,320.8625,3,1224
1805,320.8625,3,1224
1806,320.8625,3,1224
1807,320.8625,3,1224
1808,320.8625,3,1224
1809,320.8625,3,1224
1810,320.8625,3,1224
1811,320.8625,3,1224
1812,320.8625,3,1224
1813,320.8625,3,1224
1814,320.8625,3,1224
1815,320.8625,3,1224
1816,320.8625,3,1224
1817,320.8625,3,1224
1818,320.8625,3,1224
1819,320.8625,3,1224
1820,320.8625,3,1224
1821,320.8625,3,1224
1822,320.8625,3,1224
1823,320.8625,3,1224
1824,320.8625,3,1224
1825,320.8625,3,1224
1826,320.8625,3,1224
1827,320.8625,3,1224
1828,320.8625,3,1224
1829,320.8625,3,1224
1830,320.8625,3,1224
1831,320.8625,3,1224
1832,320.8625,3,1224
1833,320.8625,3,1224
1834,320.8625,3,1224
1835,320.8625,3,1224
1836,320.8625,3,1224
1837,320.8625,3,1224
1838,320.8625,3,1224
1839,320.8625,3,1224
1840,320.8625,3,1224
1841,320.8625,3,1224
1842,320.8625,3,1224
1843,320.8625,3,1224
1844,320.8625,3,1224
1845,320.8625,3,1224
1846,320.8625,3,1224
1847,320.8625,3,1224
1848,320.8625,3,1224
1849,320.8625,3,1224
1850,320.8625,3,1224
1851,320.8625,3,1224
1852,320.8625,3,1224
1853,320.8625,3,1224
1854,320.8625,3,1224
1855,320.8625,3,1224
1856,320.8625,3,1224
1857,320.8625,3,1224
1858,320.8625,3,1224
1859,320.8625,3,1224
1860,320.8625,3,1224
1861,320.8625,3,1224
1862,320.8625,3,1224
1863,320.8625,3,1224
1864,320.8625,3,1224
1865,320.8625,3,1224
1866,320.8625,3,1224
1867,320.8625,3,1224
1868,320.8625,3,1224
1869,320.8625,3,1224
1870,320.8625,3,1224
1871,320.8625,3,1224
1872,320.8625,3,1224
1873,320.8625,3,1224
1874,320.8625,3,1224
1875,320.8625,3,1224
1876,320.8625,3,1224
1877,320.8625,3,1224
1878,320.8625,3,1224
1879,320.8625,3,1224
1880,320.8625,3,1224
1881,320.8625,3,1224
1882,320.8625,3,1224
1883,320.8625,3,1224
1884,320.8625,3,1224
1885,320.8625,3,1224
1886,320.8625,3,1224
1887,320.8625,3,1224
1888,320.8625,3,1224
1889,320.8625,3,1224
1890,320.8625,3,1224
1891,320.8625,3,1224
1892,320.8625,3,1224
1893,320.8625,3,1224
1894,320.8625,3,1224
1895,320.8625,3,1224
1896,320.8625,3,1224
1897,320.8625,3,1224
1898,320.8625,3,1224
1899,320.8625,3,1224
1900,320.8625,3,1224
1901,320.8625,3,1224
1902,320.8625,3,1224
1903,320.8625,3,1224
1904,320.8625,3,1224
1905,320.8625,3,1224
1906,320.8625,3,1224
1907,320.8625,3,1224
1908,320.8625,3,1224
1909,320.8625,3,1224
1910,320.8625,3,1224
1911,320.8625,3,1224
1912,320.8625,3,1224
1913,320.8625,3,1224
1914,320.8625,3,1224
1915,320.8625,3,1224
1916,320.8625,3,1224
1917,320.8625,3,1224
1918,320.8625,3,1224
1919,276.8856,3,1224
1920,276.8856,3,1224
1921,276.8856,3,1224
1922,276.8856,3,1224
1923,276.8856,3,1224
1924,276.8856,3,1224
1925,276.8856,3,1224
1926,276.8856,3,1224
1927,276.8856,3,1224
1928,276.8856,3,1224
1929,276.8856,3,1224
1930,276.8856,3,1224
1931,276.8856,3,1224
1932,276.8856,3,1224
1933,276.8856,3,1224
1934,276.8856,3,1224
1935,276.8856,3,1224
1936,276.8856,3,1224
1937,276.8856,3,1224
1938,276.8856,3,1224
1939,276.8856,3,1224
1940,276.8856,3,1224
1941,276.8856,3,1224
1942,276.8856,3,1224
1943,276.8856,3,1224
1944,276.8856,3,1224
1945,276.8856,3,1224
1946,276.8856,3,1224
1947,276.8856,3,1224
1948,276.8856,3,1224
1949,276.8856,3,1224
1950,276.8856,3,1224
1951,276.8856,3,1224
1952,276.8856,3,1224
1953,276.8856,3,1224
1954,276.8856,3,1224
1955,276.8856,3,1224
1956,276.8856,3,1224
1957,276.8856,3,1224
1958,276.8856,3,1224
1959,276.8856,3,1224
1960,276.8856,3,1224
1961,276.8856,3,1224
1962,276.8856,3,1224
1963,276.8856,3,1224
1964,276.8856,3,1224
1965,276.8856,3,1224
1966,276.8856,3,1224
1967,276.8856,3,1224
1968,276.8856,3,1224
1969,276.8856,3,1224
1970,276.8856,3,1224
1971,276.8856,3,1224
1972,276.8856,3,1224
1973,276.8856,3,1224
1974,276.8856,3,1224
1975,276.8856,3,1224
1976,276.8856,3,1224
1977,276.8856,3,1224
1978,276.8856,3,1224
1979,276.8856,3,1224
1980,276.8856,3,1224
1981,276.8856,3,1224
1982,276.8856,3,1224
1983,276.8856,3,1224
1984,276.8856,3,1224
1985,276.8856,3,1224
1986,276.8856,3,1224
1987,276.8856,3,1224
1988,276.8856,3,1224
1989,276.8856,3,1224
1990,276.8856,3,1224
1991,276.8856,3,1224
1992,276.8856,3,1224
1993,276.8856,3,1224
1994,276.8856,3,1224
1995,276.8856,3,1224
1996,276.8856,3,1224
1997,276.8856,3,1224
1998,276.8856,3,1224
1999,276.8856,3,1224
2000,276.8856,3,1224
2001,276.8856,3,1224
2002,276.8856,3,1224
2003,276.8856,3,1224
2004,276.8856,3,1224
2005,276.8856,3,1224
2006,276.8856,3,1224
2007,276.8856,3,1224
2008,276.8856,3,1224
2009,276.8856,3,1224
2010,276.8856,3,1224
2011,276.8856,3,1224
2012,276.8856,3,1224
2013,276.8856,3,1224
2014,276.8856,3,1224
2015,276.8856,3,1224
2016,276.8856,3,1224
2017,276.8856,3,1224
2018,276.8856,3,1224
2019,276.8856,3,1224
2020,276.8856,3,1224
2021,276.8856,3,1224
2022,276.8856,3,1224
2023,276.8856,3,1224
2024,276.8856,3,1224
2025,276.8856,3,1224
2026,276.8856,3,1224
2027,276.8856,3,1224
2028,276.8856,3,1224
2029,276.8856,3,1224
2030,276.8856,3,1224
2031,276.8856,3,1224
2032,276.8856,3,1224
2033,276.8856,3,1224
2034,276.8856,3,1224
2035,276.8856,3,1224
2036,276.8856,3,1224
2037,276.8856,3,1224
2038,276.8856,3,1224
2039,276.8856,3,1224
2040,276.8856,3,1224
2041,276.8856,3,1224
2042,276.8856,3,1224
2043,276.8856,3,1224
2044,276.8856,3,1224
2045,276.8856,3,1224
2046,276.8856,3,1224
2047,276.8856,3,1224
2048,276.8856,3,1224
2049,276.8856,3,1224
2050,276.8856,3,1224
2051,276.8856,3,1224
2052,276.8856,3,1224
2053,276.8856,3,1224
2054,276.8856,3,1224
2055,276.8856,3,1224
2056,276.8856,3,1224
2057,276.8856,3,1224
2058,276.8856,3,1224
2059,276.8856,3,1224
2060,276.8856,3,1224
2061,276.8856,3,1224
2062,276.8856,3,1224
2063,276.8856,3,1224
2064,276.8856,3,1224
2065,276.8856,3,1224
2066,276.8856,3,1224
2067,276.8856,3,1224
2068,276.8856,3,1224
2069,276.8856,3,1224
2070,276.8856,3,1224
2071,276.8856,3,1224
2072,276.8856,3,1224
2073,276.8856,3,1224
2074,276.8856,3,1224
2075,276.8856,3,1224
2076,276.8856,3,1224
2077,276.8856,3,1224
2078,276.8856,3,1224
2079,276.8856,3,1224
2080,276.8856,3,1224
2081,276.8856,3,1224
2082,276.8856,3,1224
2083,276.8856,3,1224
2084,276.8856,3,1224
2085,276.8856,3,1224
2086,276.8856,3,1224
2087,276.8856,3,1224
2088,276.8856,3,1224
2089,276.8856,3,1224
2090,276.8856,3,1224
2091,276.8856,3,1224
2092,276.8856,3,1224
2093,276.8856,3,1224
2094,276.8856,3,1224
2095,276.8856,3,1224
2096,276.8856,3,1224
2097,276.8856,3,1224
2098,276.8856,3,1224
2099,276.8856,3,1224
2100,276.8856,3,1224
2101,276.8856,3,1224
2102,276.8856,3,1224
2103,276.8856,3,1224
2104,276.8856,3,1224
2105,276.8856,3,1224
2106,276.8856,3,1224
2107,276.8856,3,1224
2108,276.8856,3,1224
2109,276.8856,3,1224
2110,276.8856,3,1224
2111,276.8856,3,1224
2112,276.8856,3,1224
2113,276.8856,3,1224
2114,276.8856,3,1224
2115,276.8856,3,1224
2116,276.8856,3,1224
2117,276.8856,3,1224
2118,276.8856,3,1224
2119,276.8856,3,1224
2120,276.8856,3,1224
2121,276.8856,3,1224
2122,276.8856,3,1224
2123,276.8856,3,1224
2124,276.8856,3,1224
2125,276.8856,3,1224
2126,276.8856,3,1224
2127,276.8856,3,1224
2128,276.8856,3,1224
2129,276.8856,3,1224
2130,276.8856,3,1224
2131,276.8856,3,1224
2132,276.8856,3,1224
2133,276.8856,3,1224
2134,276.8856,3,1224
2135,276.8856,3,1224
2136,276.8856,3,1224
2137,276.8856,3,1224
2138,276.8856,3,1224
2139,276.8856,3,1224
2140,276.8856,3,1224
2141,276.8856,3,1224
2142,276.8856,3,1224
2143,276.8856,3,1224
2144,276.8856,3,1224
2145,276.8856,3,1224
2146,276.8856,3,1224
2147,276.8856,3,1224
2148,276.8856,3,1224
2149,276.8856,3,1224
2150,276.8856,3,1224
2151,276.8856,3,1224
2152,276.8856,3,1224
2153,276.8856,3,1224
2154,276.8856,3,1224
2155,276.8856,3,1224
2156,276.8856,3,1224
2157,276.8856,3,1224
2158,276.8856,3,1224
2159,276.8856,3,1224
2160,276.8856,3,1224
2161,276.8856,3,1224
2162,276.8856,3,1224
2163,276.8856,3,1224
2164,276.8856,3,1224
2165,276.8856,3,1224
2166,276.8856,3,1224
2167,276.8856,3,1224
2168,276.8856,3,1224
2169,276.8856,3,1224
2170,276.8856,3,1224
2171,276.8856,3,1224
2172,276.8856,3,1224
2173,276.8856,3,1224
2174,276.8856,3,1224
2175,276.8856,3,1224
2176,276.8856,3,1224
2177,276.8856,3,1224
2178,276.8856,3,1224
2179,276.8856,3,1224
2180,276.8856,3,1224
2181,276.8856,3,1224
2182,276.8856,3,1224
2183,276.8856,3,1224
2184,276.8856,3,1224
2185,276.8856,3,1224
2186,276.8856,3,1224
2187,276.8856,3,1224
2188,276.8856,3,1224
2189,276.8856,3,1224
2190,276.8856,3,1224
2191,386.71255,2,1224
2192,386.71255,2,1224
2193,386.71255,2,1224
2194,386.71255,2,1224
2195,386.71255,2,1224
2196,386.71255,2,1224
2197,386.71255,2,1224
2198,386.71255,2,2313
2199,386.71255,2,2313
2200,386.71255,2,2313
2201,386.71255,2,2313
2202,386.71255,2,2313
2203,386.71255,2,2313
2204,386.71255,2,2313
2205,386.71255,2,2313
2206,386.71255,2,2313
2207,386.71255,2,2313
2208,386.71255,2,2313
2209,386.71255,2,2313
2210,386.71255,2,2313
2211,386.71255,2,2313
2212,386.71255,2,2313
2213,386.71255,2,2313
2214,386.71255,2,2313
2215,386.71255,2,2313
2216,386.71255,2,2313
2217,386.71255,2,2313
2218,386.71255,2,2313
2219,386.71255,2,2313
2220,386.71255,2,2313
2221,386.71255,2,2313
2222,386.71255,2,2313
2223,386.71255,2,2313
2224,386.71255,2,2313
2225,291.22253,3,2313
2226,291.22253,3,2313
2227,291.22253,3,2313
2228,291.22253,3,2313
2229,291.22253,3,2313
2230,291.22253,3,2313
2231,291.22253,3,2313
2232,291.22253,3,2313
2233,291.22253,3,2313
2234,291.22253,3,2313
2235,291.22253,3,2313
2236,291.22253,3,2313
2237,291.22253,3,2313
2238,291.22253,3,2313
2239,291.22253,3,2313
2240,291.22253,3,2313
2241,291.22253,3,2313
2242,291.22253,3,2313
2243,291.22253,3,2313
2244,291.22253,3,2313
2245,291.22253,3,2313
2246,291.22253,3,2313
2247,291.22253,3,2313
2248,291.22253,3,2313
2249,291.22253,3,2313
2250,291.22253,3,2313
2251,291.22253,3,2313
2252,291.22253,3,2313
2253,291.22253,3,2313
2254,291.22253,3,2313
2255,291.22253,3,2313
2256,291.22253,3,2313
2257,291.22253,3,2313
2258,309.2624,3,2313
2259,309.2624,3,2313
2260,309.2624,3,2313
2261,309.2624,3,2313
2262,309.2624,3,2313
2263,309.2624,3,2313
2264,309.2624,3,2313
2265,309.2624,3,2313
2266,309.2624,3,2313
2267,309.2624,3,2313
2268,309.2624,3,2313
2269,309.2624,3,2313
2270,309.2624,3,2313
2271,309.2624,3,2313
2272,309.2624,3,2313
2273,309.2624,3,2313
2274,309.2624,3,2313
2275,309.2624,3,2313
2276,309.2624,3,2313
2277,309.2624,3,2313
2278,309.2624,3,2313
2279,309.2624,3,2313
2280,309.2624,3,2313
2281,309.2624,3,2313
2282,309.2624,3,2313
2283,309.2624,3,2313
2284,309.2624,3,2313
2285,309.2624,3,2313
2286,309.2624,3,2313
2287,309.2624,3,2313
2288,309.2624,3,2313
2289,309.2624,3,2313
2290,309.2624,3,2313
2291,309.2624,3,2313
2292,309.2624,3,2313
2293,309.2624,3,2313
2294,202.41277,4,2313
2295,202.41277,4,2313
2296,202.41277,4,2313
2297,202.41277,4,2313
2298,202.41277,4,2313
2299,202.41277,4,2313
2300,202.41277,4,2313
2301,202.41277,4,2313
2302,202.41277,4,2313
2303,202.41277,4,2313
2304,202.41277,4,2313
2305,202.41277,4,2313
2306,202.41277,4,2313
2307,202.41277,4,2313
2308,202.41277,4,2313
2309,202.41277,4,2313
2310,202.41277,4,2313
2311,202.41277,4,2313
2312,202.41277,4,2313
2313,202.41277,4,2313
2314,202.41277,4,2313
2315,202.41277,4,2313
2316,202.41277,4,2313
2317,202.41277,4,2313
2318,202.41277,4,2313
2319,202.41277,4,2313
2320,202.41277,4,2313
2321,202.41277,4,2313
2322,202.41277,4,2313
2323,202.41277,4,2313
2324,202.41277,4,2313
2325,202.41277,4,2313
2326,202.41277,4,2313
2327,202.41277,4,2313
2328,202.41277,4,2313
2329,202.41277,4,2313
2330,202.41277,4,2313
2331,202.41277,4,2313
2332,202.41277,4,2313
2333,202.41277,4,2313
2334,202.41277,4,2313
2335,202.41277,4,2313
2336,202.41277,4,2313
2337,308.10944,3,2313
2338,308.10944,3,2313
2339,308.10944,3,2313
2340,308.10944,3,2313
2341,308.10944,3,2313
2342,308.10944,3,2313
2343,308.10944,3,2313
2344,308.10944,3,2313
2345,308.10944,3,2313
2346,308.10944,3,2313
2347,308.10944,3,2313
2348,308.10944,3,2313
2349,308.10944,3,2313
2350,308.10944,3,2313
2351,308.10944,3,2313
2352,308.10944,3,2313
2353,308.10944,3,2313
2354,308.10944,3,2313
2355,308.10944,3,2313
2356,308.10944,3,2313
2357,308.10944,3,2313
2358,308.10944,3,2313
2359,308.10944,3,2313
2360,308.10944,3,2313
2361,308.10944,3,2313
2362,308.10944,3,2313
2363,308.10944,3,2313
2364,308.10944,3,2313
2365,308.10944,3,2313
2366,308.10944,3,2313
2367,308.10944,3,2313
2368,308.10944,3,2313
2369,308.10944,3,2313
2370,308.10944,3,2313
2371,308.10944,3,2313
2372,308.10944,3,2313
2373,308.10944,3,2313
2374,308.10944,3,2313
2375,308.10944,3,2313
2376,308.10944,3,2313
2377,308.10944,3,2313
2378,308.10944,3,2313
2379,363.76865,2,2313
2380,363.76865,2,2313
2381,363.76865,2,3402
2382,363.76865,2,3402
2383,363.76865,2,3402
2384,363.76865,2,3402
2385,363.76865,2,3402
2386,363.76865,2,3402
2387,363.76865,2,3402
2388,363.76865,2,3402
2389,363.76865,2,3402
2390,363.76865,2,3402
2391,363.76865,2,3402
2392,363.76865,2,3402
2393,363.76865,2,3402
2394,363.76865,2,3402
2395,363.76865,2,3402
2396,363.76865,2,3402
2397,363.76865,2,3402
2398,204.3402,4,3402
2399,204.3402,4,3402
2400,204.3402,4,3402
2401,204.3402,4,3402
2402,204.3402,4,3402
2403,204.3402,4,3402
2404,204.3402,4,3402
2405,204.3402,4,3402
2406,204.3402,4,3402
2407,204.3402,4,3402
2408,204.3402,4,3402
2409,204.3402,4,3402
2410,204.3402,4,3402
2411,204.3402,4,3402
2412,204.3402,4,3402
2413,204.3402,4,3402
2414,204.3402,4,3402
2415,204.3402,4,3402
2416,204.3402,4,3402
2417,202.06102,4,3402
2418,202.06102,4,3402
2419,202.06102,4,3402
2420,202.06102,4,3402
2421,202.06102,4,3402
2422,202.06102,4,3402
2423,202.06102,4,3402
2424,202.06102,4,3402
2425,202.06102,4,3402
2426,202.06102,4,3402
2427,202.06102,4,3402
2428,202.06102,4,3402
2429,202.06102,4,3402
2430,202.06102,4,3402
2431,202.06102,4,3402
2432,202.06102,4,3402
2433,202.06102,4,3402
2434,202.06102,4,3402
2435,202.06102,4,3402
2436,195.8672,5,3402
2437,195.8672,5,3402
2438,195.8672,5,3402
2439,195.8672,5,3402
2440,195.8672,5,3402
2441,195.8672,5,3402
2442,195.8672,5,3402
2443,195.8672,5,3402
2444,195.8672,5,3402
2445,195.8672,5,3402
2446,195.8672,5,3402
2447,195.8672,5,3402
2448,195.8672,5,3402
2449,195.8672,5,3402
2450,195.8672,5,3402
2451,195.8672,5,3402
2452,195.8672,5,3402
2453,195.8672,5,3402
2454,195.8672,5,3402
2455,186.06381,5,3402
2456,186.06381,5,3402
2457,186.06381,5,3402
2458,186.06381,5,3402
2459,186.06381,5,3402
2460,186.06381,5,3402
2461,186.06381,5,3402
2462,186.06381,5,3402
2463,186.06381,5,3402
2464,186.06381,5,3402
2465,186.06381,5,3402
2466,186.06381,5,3402
2467,186.06381,5,3402
2468,186.06381,5,3402
2469,186.06381,5,3402
2470,186.06381,5,3402
2471,186.06381,5,3402
2472,186.06381,5,3402
2473,186.06381,5,3402
2474,186.06381,5,3402
2475,186.06381,5,3402
2476,220.65314,4,3402
2477,220.65314,4,3402
2478,220.65314,4,3402
2479,220.65314,4,3402
2480,220.65314,4,3402
2481,220.65314,4,3402
2482,220.65314,4,3402
2483,220.65314,4,3402
2484,220.65314,4,3402
2485,220.65314,4,3402
2486,220.65314,4,3402
2487,220.65314,4,3402
2488,220.65314,4,3402
2489,220.65314,4,4491
2490,220.65314,4,4491
2491,220.65314,4,4491
2492,220.65314,4,4491
2493,220.65314,4,4491
2494,220.65314,4,4491
2495,165.07915,6,4491
2496,165.07915,6,4491
2497,165.07915,6,4491
2498,165.07915,6,4491
2499,165.07915,6,4491
2500,165.07915,6,4491
2501,165.07915,6,4491
2502,165.07915,6,4491
2503,165.07915,6,4491
2504,165.07915,6,4491
2505,165.07915,6,4491
2506,165.07915,6,4491
2507,165.07915,6,4491
2508,165.07915,6,4491
2509,106.75891,9,4491
2510,106.75891,9,4491
2511,106.75891,9,4491
2512,106.75891,9,4491
2513,106.75891,9,4491
2514,106.75891,9,4491
2515,106.75891,9,4491
2516,106.75891,9,4491
2517,106.75891,9,4491
2518,106.75891,9,4491
2519,106.75891,9,4491
2520,106.75891,9,4491
2521,106.75891,9,4491
2522,88.486176,11,4491
2523,88.486176,11,4491
2524,88.486176,11,4491
2525,88.486176,11,4491
2526,88.486176,11,4491
2527,88.486176,11,4491
2528,88.486176,11,4491
2529,88.486176,11,4491
2530,88.486176,11,4491
2531,88.486176,11,4491
2532,88.486176,11,4491
2533,90.090096,11,4491
2534,90.090096,11,4491
2535,90.090096,11,4491
2536,90.090096,11,4491
2537,90.090096,11,4491
2538,90.090096,11,4491
2539,90.090096,11,4491
2540,90.090096,11,4491
2541,90.090096,11,4491
2542,90.090096,11,4491
2543,90.090096,11,4491
2544,90.090096,11,4491
2545,90.090096,11,4491
2546,90.090096,11,4491
2547,90.090096,11,4491
2548,113.131134,8,4491
2549,113.131134,8,4491
2550,113.131134,8,4491
2551,113.131134,8,4491
2552,113.131134,8,4491
2553,113.131134,8,4491
2554,113.131134,8,4491
2555,113.131134,8,4491
2556,113.131134,8,4491
2557,113.131134,8,4491
2558,113.131134,8,4491
2559,113.131134,8,4491
2560,113.131134,8,4491
2561,113.131134,8,4491
2562,119.27765,8,4491
2563,119.27765,8,4491
2564,119.27765,8,4491
2565,119.27765,8,4491
2566,119.27765,8,4491
2567,119.27765,8,4491
2568,119.27765,8,4491
2569,119.27765,8,4491
2570,119.27765,8,4491
2571,119.27765,8,4491
2572,119.27765,8,4491
2573,119.27765,8,4491
2574,119.27765,8,4491
2575,119.27765,8,4491
2576,153.18393,6,4491
2577,153.18393,6,4491
2578,153.18393,6,4491
2579,153.18393,6,4491
2580,153.18393,6,4491
2581,153.18393,6,4491
2582,153.18393,6,4491
2583,153.18393,6,4491
2584,153.18393,6,4491
2585,153.18393,6,4491
2586,153.18393,6,4491
2587,153.18393,6,5580
2588,153.18393,6,5580
2589,153.18393,6,5580
2590,136.80452,7,5580
2591,136.80452,7,5580
2592,136.80452,7,5580
2593,136.80452,7,5580
2594,136.80452,7,5580
2595,136.80452,7,5580
2596,136.80452,7,5580
2597,136.80452,7,5580
2598,136.80452,7,5580
2599,136.80452,7,5580
2600,72.76537,13,5580
2601,72.76537,13,5580
2602,72.76537,13,5580
2603,72.76537,13,5580
2604,72.76537,13,5580
2605,72.76537,13,5580
2606,72.76537,13,5580
2607,72.76537,13,5580
2608,72.76537,13,5580
2609,72.76537,13,5580
2610,72.76537,13,5580
2611,102.053314,9,5580
2612,102.053314,9,5580
2613,102.053314,9,5580
2614,102.053314,9,5580
2615,102.053314,9,5580
2616,102.053314,9,5580
2617,102.053314,9,5580
2618,102.053314,9,5580
2619,102.053314,9,5580
2620,102.053314,9,5580
2621,102.053314,9,5580
2622,110.203766,9,5580
2623,110.203766,9,5580
2624,110.203766,9,5580
2625,110.203766,9,5580
2626,110.203766,9,5580
2627,110.203766,9,5580
2628,110.203766,9,5580
2629,110.203766,9,5580
2630,110.203766,9,5580
2631,110.203766,9,5580
2632,110.203766,9,5580
2633,93.588264,10,5580
2634,93.588264,10,5580
2635,93.588264,10,5580
2636,93.588264,10,5580
2637,93.588264,10,5580
2638,93.588264,10,5580
2639,93.588264,10,5580
2640,93.588264,10,5580
2641,93.588264,10,5580
2642,93.588264,10,5580
2643,93.588264,10,5580
2644,93.588264,10,5580
2645,101.71802,9,5580
2646,101.71802,9,5580
2647,101.71802,9,5580
2648,101.71802,9,5580
2649,101.71802,9,5580
2650,101.71802,9,5580
2651,101.71802,9,5580
2652,101.71802,9,5580
2653,101.71802,9,5580
2654,101.71802,9,5580
2655,101.71802,9,5580
2656,76.98111,12,5580
2657,76.98111,12,5580
2658,76.98111,12,5580
2659,76.98111,12,5580
2660,76.98111,12,5580
2661,76.98111,12,5580
2662,76.98111,12,5580
2663,76.98111,12,5580
2664,76.98111,12,5580
2665,76.98111,12,5580
2666,76.98111,12,5580
2667,76.98111,12,5580
2668,90.284485,11,5580
2669,90.284485,11,5580
2670,90.284485,11,5580
2671,90.284485,11,6669
2672,90.284485,11,6669
2673,90.284485,11,6669
2674,90.284485,11,6669
2675,90.284485,11,6669
2676,90.284485,11,6669
2677,90.284485,11,6669
2678,66.457985,15,6669
2679,66.457985,15,6669
2680,66.457985,15,6669
2681,66.457985,15,6669
2682,66.457985,15,6669
2683,66.457985,15,6669
2684,66.457985,15,6669
2685,66.457985,15,6669
2686,66.457985,15,6669
2687,93.654,10,6669
2688,93.654,10,6669
2689,93.654,10,6669
2690,93.654,10,6669
2691,93.654,10,6669
2692,93.654,10,6669
2693,93.654,10,6669
2694,93.654,10,6669
2695,93.654,10,6669
2696,97.12038,10,6669
2697,97.12038,10,6669
2698,97.12038,10,6669
2699,97.12038,10,6669
2700,97.12038,10,6669
2701,97.12038,10,6669
2702,97.12038,10,6669
2703,97.12038,10,6669
2704,97.12038,10,6669
2705,76.78015,13,6669
2706,76.78015,13,6669
2707,76.78015,13,6669
2708,76.78015,13,6669
2709,76.78015,13,6669
2710,76.78015,13,6669
2711,76.78015,13,6669
2712,76.78015,13,6669
2713,76.78015,13,6669
2714,97.14019,10,6669
2715,97.14019,10,6669
2716,97.14019,10,6669
2717,97.14019,10,6669
2718,97.14019,10,6669
2719,97.14019,10,6669
2720,97.14019,10,6669
2721,97.14019,10,6669
2722,97.14019,10,6669
2723,97.14019,10,6669
2724,97.14019,10,6669
2725,98.80935,10,6669
2726,98.80935,10,6669
2727,98.80935,10,6669
2728,98.80935,10,6669
2729,98.80935,10,6669
2730,98.80935,10,6669
2731,98.80935,10,7758
2732,98.80935,10,7758
2733,98.80935,10,7758
2734,98.80935,10,7758
2735,94.54924,10,7758
2736,94.54924,10,7758
2737,94.54924,10,7758
2738,94.54924,10,7758
2739,94.54924,10,7758
2740,94.54924,10,7758
2741,94.54924,10,7758
2742,60.878727,16,7758
2743,60.878727,16,7758
2744,60.878727,16,7758
2745,60.878727,16,7758
2746,60.878727,16,7758
2747,60.878727,16,7758
2748,60.878727,16,7758
2749,60.878727,16,7758
2750,74.04281,13,7758
2751,74.04281,13,7758
2752,74.04281,13,7758
2753,74.04281,13,7758
2754,74.04281,13,7758
2755,74.04281,13,7758
2756,74.04281,13,7758
2757,74.04281,13,7758
2758,79.45967,12,7758
2759,79.45967,12,7758
2760,79.45967,12,7758
2761,79.45967,12,7758
2762,79.45967,12,7758
2763,79.45967,12,7758
2764,79.45967,12,7758
2765,52.654026,18,7758
2766,52.654026,18,7758
2767,52.654026,18,7758
2768,52.654026,18,7758
2769,52.654026,18,7758
2770,52.654026,18,7758
2771,52.654026,18,7758
2772,52.654026,18,7758
2773,80.930374,12,7758
2774,80.930374,12,7758
2775,80.930374,12,7758
2776,80.930374,12,7758
2777,80.930374,12,7758
2778,80.930374,12,7758
2779,80.930374,12,7758
2780,80.930374,12,7758
2781,80.930374,12,7758
2782,65.9361,15,7758
2783,65.9361,15,7758
2784,65.9361,15,7758
2785,65.9361,15,7758
2786,65.9361,15,7758
2787,65.9361,15,7758
2788,65.9361,15,7758
2789,65.9361,15,7758
2790,60.12289,16,7758
2791,60.12289,16,7758
2792,60.12289,16,7758
2793,60.12289,16,7758
2794,60.12289,16,7758
2795,60.12289,16,7758
2796,60.12289,16,7758
2797,93.810394,10,7758
2798,93.810394,10,8847
2799,93.810394,10,8847
2800,93.810394,10,8847
2801,93.810394,10,8847
2802,93.810394,10,8847
2803,70.04321,14,8847
2804,70.04321,14,8847
2805,70.04321,14,8847
2806,70.04321,14,8847
2807,70.04321,14,8847
2808,70.04321,14,8847
2809,60.50888,16,8847
2810,60.50888,16,8847
2811,60.50888,16,8847
2812,60.50888,16,8847
2813,60.50888,16,8847
2814,60.50888,16,8847
2815,52.474983,19,8847
2816,52.474983,19,8847
2817,52.474983,19,8847
2818,52.474983,19,8847
2819,52.474983,19,8847
2820,52.474983,19,8847
2821,52.474983,19,8847
2822,56.906773,17,8847
2823,56.906773,17,8847
2824,56.906773,17,8847
2825,56.906773,17,8847
2826,56.906773,17,8847
2827,56.906773,17,8847
2828,56.906773,17,8847
2829,85.92689,11,8847
2830,85.92689,11,8847
2831,85.92689,11,8847
2832,85.92689,11,8847
2833,85.92689,11,8847
2834,85.92689,11,8847
2835,85.92689,11,8847
2836,79.93925,12,8847
2837,79.93925,12,8847
2838,79.93925,12,8847
2839,79.93925,12,8847
2840,79.93925,12,8847
2841,79.93925,12,8847
2842,79.93925,12,8847
2843,72.81147,13,8847
2844,72.81147,13,8847
2845,72.81147,13,8847
2846,72.81147,13,8847
2847,72.81147,13,8847
2848,72.81147,13,8847
2849,72.81147,13,8847
2850,65.25115,15,8847
2851,65.25115,15,8847
2852,65.25115,15,8847
2853,65.25115,15,8847
2854,65.25115,15,8847
2855,65.25115,15,8847
2856,65.25115,15,8847
2857,52.612198,19,8847
2858,52.612198,19,8847
2859,52.612198,19,8847
2860,52.612198,19,8847
2861,52.612198,19,8847
2862,52.612198,19,8847
2863,52.612198,19,8847
2864,54.179398,18,8847
2865,54.179398,18,9936
2866,54.179398,18,9936
2867,54.179398,18,9936
2868,54.179398,18,9936
2869,54.179398,18,9936
2870,54.179398,18,9936
2871,49.03932,20,9936
2872,49.03932,20,9936
2873,49.03932,20,9936
2874,49.03932,20,9936
2875,49.03932,20,9936
2876,49.03932,20,9936
2877,40.220245,24,9936
2878,40.220245,24,9936
2879,40.220245,24,9936
2880,40.220245,24,9936
2881,40.220245,24,9936
2882,40.220245,24,9936
2883,68.53963,14,9936
2884,68.53963,14,9936
2885,68.53963,14,9936
2886,68.53963,14,9936
2887,68.53963,14,9936
2888,68.53963,14,9936
2889,55.288635,18,9936
2890,55.288635,18,9936
2891,55.288635,18,9936
2892,55.288635,18,9936
2893,55.288635,18,9936
2894,55.288635,18,9936
2895,44.04607,22,9936
2896,44.04607,22,9936
2897,44.04607,22,9936
2898,44.04607,22,9936
2899,44.04607,22,9936
2900,44.04607,22,9936
2901,65.347946,15,9936
2902,65.347946,15,9936
2903,65.347946,15,9936
2904,65.347946,15,9936
2905,65.347946,15,9936
2906,57.079254,17,9936
2907,57.079254,17,9936
2908,57.079254,17,9936
2909,57.079254,17,9936
2910,57.079254,17,9936
2911,57.079254,17,9936
2912,58.481926,17,9936
2913,58.481926,17,9936
2914,58.481926,17,9936
2915,58.481926,17,9936
2916,58.481926,17,9936
2917,58.481926,17,9936
2918,46.790413,21,9936
2919,46.790413,21,9936
2920,46.790413,21,9936
2921,46.790413,21,9936
2922,46.790413,21,9936
2923,46.790413,21,9936
2924,67.93755,14,9936
2925,67.93755,14,9936
2926,67.93755,14,9936
2927,67.93755,14,9936
2928,67.93755,14,9936
2929,67.93755,14,9936
2930,73.86834,13,9936
2931,73.86834,13,9936
2932,73.86834,13,11025
2933,73.86834,13,11025
2934,73.86834,13,11025
2935,73.86834,13,11025
2936,48.254627,20,11025
2937,48.254627,20,11025
2938,48.254627,20,11025
2939,48.254627,20,11025
2940,48.254627,20,11025
2941,52.722042,18,11025
2942,52.722042,18,11025
2943,52.722042,18,11025
2944,52.722042,18,11025
2945,52.722042,18,11025
2946,43.066692,23,11025
2947,43.066692,23,11025
2948,43.066692,23,11025
2949,43.066692,23,11025
2950,43.066692,23,11025
2951,51.31547,19,11025
2952,51.31547,19,11025
2953,51.31547,19,11025
2954,51.31547,19,11025
2955,51.31547,19,11025
2956,40.913517,24,11025
2957,40.913517,24,11025
2958,40.913517,24,11025
2959,40.913517,24,11025
2960,40.913517,24,11025
2961,40.913517,24,11025
2962,44.094627,22,11025
2963,44.094627,22,11025
2964,44.094627,22,11025
2965,44.094627,22,11025
2966,44.094627,22,11025
2967,62.129555,16,11025
2968,62.129555,16,11025
2969,62.129555,16,11025
2970,62.129555,16,11025
2971,62.129555,16,11025
2972,42.717335,23,11025
2973,42.717335,23,11025
2974,42.717335,23,11025
2975,42.717335,23,11025
2976,42.717335,23,11025
2977,42.717335,23,11025
2978,42.85812,23,11025
2979,42.85812,23,11025
2980,42.85812,23,11025
2981,42.85812,23,11025
2982,42.85812,23,11025
2983,60.17897,16,11025
2984,60.17897,16,11025
2985,60.17897,16,12114
2986,60.17897,16,12114
2987,60.17897,16,12114
2988,43.02574,23,12114
2989,43.02574,23,12114
2990,43.02574,23,12114
2991,43.02574,23,12114
2992,43.02574,23,12114
2993,37.907795,26,12114
2994,37.907795,26,12114
2995,37.907795,26,12114
2996,37.907795,26,12114
2997,37.907795,26,12114
2998,50.62163,19,12114
2999,50.62163,19,12114
3000,50.62163,19,12114
3001,50.62163,19,12114
3002,50.62163,19,12114
3003,51.69027,19,12114
3004,51.69027,19,12114
3005,51.69027,19,12114
3006,51.69027,19,12114
3007,51.69027,19,12114
3008,43.263264,23,12114
3009,43.263264,23,12114
3010,43.263264,23,12114
3011,43.263264,23,12114
3012,43.263264,23,12114
3013,34.830704,28,12114
3014,34.830704,28,12114
3015,34.830704,28,12114
3016,34.830704,28,12114
3017,34.830704,28,12114
3018,34.205223,29,12114
3019,34.205223,29,12114
3020,34.205223,29,12114
3021,34.205223,29,12114
3022,34.205223,29,12114
3023,53.30235,18,12114
3024,53.30235,18,12114
3025,53.30235,18,12114
3026,53.30235,18,12114
3027,53.30235,18,12114
3028,47.150463,21,12114
3029,47.150463,21,12114
3030,47.150463,21,12114
3031,47.150463,21,12114
3032,47.150463,21,12114
3033,41.394497,24,12114
3034,41.394497,24,12114
3035,41.394497,24,12114
3036,41.394497,24,12114
3037,41.394497,24,12114
3038,45.25173,22,12114
3039,45.25173,22,12114
3040,45.25173,22,12114
3041,45.25173,22,12114
3042,45.25173,22,12114
3043,45.25173,22,12114
3044,56.78785,17,12114
3045,56.78785,17,13203
3046,56.78785,17,13203
3047,56.78785,17,13203
3048,56.78785,17,13203
3049,40.418575,24,13203
3050,40.418575,24,13203
3051,40.418575,24,13203
3052,40.418575,24,13203
3053,36.344868,27,13203
3054,36.344868,27,13203
3055,36.344868,27,13203
3056,36.344868,27,13203
3057,36.344868,27,13203
3058,36.7439,27,13203
3059,36.7439,27,13203
3060,36.7439,27,13203
3061,36.7439,27,13203
3062,36.7439,27,13203
3063,43.166336,23,13203
3064,43.166336,23,13203
3065,43.166336,23,13203
3066,43.166336,23,13203
3067,43.166336,23,13203
3068,39.058228,25,13203
3069,39.058228,25,13203
3070,39.058228,25,13203
3071,39.058228,25,13203
3072,39.058228,25,13203
3073,46.898376,21,13203
3074,46.898376,21,13203
3075,46.898376,21,13203
3076,46.898376,21,13203
3077,46.898376,21,13203
3078,48.69616,20,13203
3079,48.69616,20,13203
3080,48.69616,20,13203
3081,48.69616,20,13203
3082,48.69616,20,13203
3083,51.59187,19,13203
3084,51.59187,19,13203
3085,51.59187,19,13203
3086,51.59187,19,13203
3087,51.59187,19,13203
3088,38.481815,25,13203
3089,38.481815,25,13203
3090,38.481815,25,13203
3091,38.481815,25,13203
3092,38.481815,25,13203
3093,38.230537,26,13203
3094,38.230537,26,13203
3095,38.230537,26,13203
3096,38.230537,26,13203
3097,38.230537,26,13203
3098,42.121227,23,13203
3099,42.121227,23,13203
3100,42.121227,23,13203
3101,42.121227,23,13203
3102,42.121227,23,13203
3103,44.0106,22,13203
3104,44.0106,22,13203
3105,44.0106,22,13203
3106,44.0106,22,13203
3107,44.0106,22,13203
3108,47.88171,20,13203
3109,47.88171,20,13203
3110,47.88171,20,13203
3111,47.88171,20,13203
3112,47.88171,20,13203
3113,46.123333,21,13203
3114,46.123333,21,13203
3115,46.123333,21,13203
3116,46.123333,21,13203
3117,46.123333,21,13203
3118,57.494724,17,13203
3119,57.494724,17,13203
3120,57.494724,17,13203
3121,57.494724,17,13203
3122,57.494724,17,14292
3123,39.280075,25,14292
3124,39.280075,25,14292
3125,39.280075,25,14292
3126,39.280075,25,14292
3127,39.280075,25,14292
3128,38.168667,26,14292
3129,38.168667,26,14292
3130,38.168667,26,14292
3131,38.168667,26,14292
3132,34.85523,28,14292
3133,34.85523,28,14292
3134,34.85523,28,14292
3135,34.85523,28,14292
3136,34.85523,28,14292
3137,39.54992,25,14292
3138,39.54992,25,14292
3139,39.54992,25,14292
3140,39.54992,25,14292
3141,36.93444,27,14292
3142,36.93444,27,14292
3143,36.93444,27,14292
3144,36.93444,27,14292
3145,36.93444,27,14292
3146,39.855564,25,14292
3147,39.855564,25,14292
3148,39.855564,25,14292
3149,39.855564,25,14292
3150,38.413372,26,14292
3151,38.413372,26,14292
3152,38.413372,26,14292
3153,38.413372,26,14292
3154,44.901844,22,14292
3155,44.901844,22,14292
3156,44.901844,22,14292
3157,44.901844,22,14292
3158,44.901844,22,14292
3159,36.0766,27,14292
3160,36.0766,27,14292
3161,36.0766,27,14292
3162,36.0766,27,14292
3163,36.0766,27,14292
3164,45.064938,22,14292
3165,45.064938,22,14292
3166,45.064938,22,14292
3167,45.064938,22,14292
3168,45.064938,22,14292
3169,39.281773,25,14292
3170,39.281773,25,14292
3171,39.281773,25,14292
3172,39.281773,25,14292
3173,39.281773,25,14292
3174,46.68316,21,14292
3175,46.68316,21,14292
3176,46.68316,21,14292
3177,46.68316,21,14292
3178,46.68316,21,14292
3179,36.379776,27,14292
3180,36.379776,27,14292
3181,36.379776,27,14292
3182,36.379776,27,14292
3183,36.379776,27,14292
3184,44.854916,22,14292
3185,44.854916,22,15381
3186,44.854916,22,15381
3187,44.854916,22,15381
3188,44.854916,22,15381
3189,36.29066,27,15381
3190,36.29066,27,15381
3191,36.29066,27,15381
3192,36.29066,27,15381
3193,35.486034,28,15381
3194,35.486034,28,15381
3195,35.486034,28,15381
3196,35.486034,28,15381
3197,32.072975,31,15381
3198,32.072975,31,15381
3199,32.072975,31,15381
3200,32.072975,31,15381
3201,32.91282,30,15381
3202,32.91282,30,15381
3203,32.91282,30,15381
3204,32.91282,30,15381
3205,31.67855,31,15381
3206,31.67855,31,15381
3207,31.67855,31,15381
3208,31.67855,31,15381
3209,39.502274,25,15381
3210,39.502274,25,15381
3211,39.502274,25,15381
3212,39.502274,25,15381
3213,39.502274,25,15381
3214,38.828167,25,15381
3215,38.828167,25,15381
3216,38.828167,25,15381
3217,38.828167,25,15381
3218,38.828167,25,15381
3219,37.46497,26,15381
3220,37.46497,26,15381
3221,37.46497,26,15381
3222,37.46497,26,15381
3223,36.494087,27,15381
3224,36.494087,27,15381
3225,36.494087,27,15381
3226,36.494087,27,15381
3227,36.581398,27,15381
3228,36.581398,27,15381
3229,36.581398,27,15381
3230,36.581398,27,15381
3231,33.758465,29,15381
3232,33.758465,29,15381
3233,33.758465,29,15381
3234,33.758465,29,15381
3235,35.07012,28,15381
3236,35.07012,28,15381
3237,35.07012,28,15381
3238,35.07012,28,15381
3239,44.602234,22,15381
3240,44.602234,22,15381
3241,44.602234,22,15381
3242,44.602234,22,15381
3243,44.602234,22,15381
3244,38.69969,25,15381
3245,38.69969,25,15381
3246,38.69969,25,15381
3247,38.69969,25,15381
3248,38.69969,25,15381
3249,37.47943,26,15381
3250,37.47943,26,15381
3251,37.47943,26,15381
3252,37.47943,26,16470
3253,35.842808,27,16470
3254,35.842808,27,16470
3255,35.842808,27,16470
3256,35.842808,27,16470
3257,35.606194,28,16470
3258,35.606194,28,16470
3259,35.606194,28,16470
3260,35.606194,28,16470
3261,35.414528,28,16470
3262,35.414528,28,16470
3263,35.414528,28,16470
3264,35.414528,28,16470
3265,36.084538,27,16470
3266,36.084538,27,16470
3267,36.084538,27,16470
3268,36.084538,27,16470
3269,30.233675,33,16470
3270,30.233675,33,16470
3271,30.233675,33,16470
3272,30.233675,33,16470
3273,31.58001,31,16470
3274,31.58001,31,16470
3275,31.58001,31,16470
3276,31.58001,31,16470
3277,34.555683,28,16470
3278,34.555683,28,16470
3279,34.555683,28,16470
3280,34.555683,28,16470
3281,35.86762,27,16470
3282,35.86762,27,16470
3283,35.86762,27,16470
3284,35.86762,27,16470
3285,34.632996,28,16470
3286,34.632996,28,16470
3287,34.632996,28,16470
3288,34.632996,28,16470
3289,37.79004,26,16470
3290,37.79004,26,16470
3291,37.79004,26,16470
3292,37.79004,26,16470
3293,38.118763,26,16470
3294,38.118763,26,16470
3295,38.118763,26,16470
3296,38.118763,26,16470
3297,32,31,16470
3298,32,31,16470
3299,32,31,16470
3300,32,31,16470
3301,33.543537,29,16470
3302,33.543537,29,16470
3303,33.543537,29,16470
3304,33.543537,29,16470
3305,33.76359,29,16470
3306,33.76359,29,16470
3307,33.76359,29,16470
3308,33.76359,29,16470
3309,33.447834,29,16470
3310,33.447834,29,16470
3311,33.447834,29,16470
3312,33.447834,29,16470
3313,35.146175,28,16470
3314,35.146175,28,16470
3315,35.146175,28,16470
3316,35.146175,28,16470
3317,38.177265,26,16470
3318,38.177265,26,17559
3319,38.177265,26,17559
3320,38.177265,26,17559
3321,26.149397,38,17559
3322,26.149397,38,17559
3323,26.149397,38,17559
3324,26.149397,38,17559
3325,29.541487,33,17559
3326,29.541487,33,17559
3327,29.541487,33,17559
3328,29.541487,33,17559
3329,27.413782,36,17559
3330,27.413782,36,17559
3331,27.413782,36,17559
3332,27.413782,36,17559
3333,31.228334,32,17559
3334,31.228334,32,17559
3335,31.228334,32,17559
3336,31.228334,32,17559
3337,35.485153,28,17559
3338,35.485153,28,17559
3339,35.485153,28,17559
3340,35.485153,28,17559
3341,31.467222,31,17559
3342,31.467222,31,17559
3343,31.467222,31,17559
3344,31.467222,31,17559
3345,34.516083,28,17559
3346,34.516083,28,17559
3347,34.516083,28,17559
3348,28.1706,35,17559
3349,28.1706,35,17559
3350,28.1706,35,17559
3351,28.1706,35,17559
3352,31.615053,31,17559
3353,31.615053,31,17559
3354,31.615053,31,17559
3355,31.615053,31,17559
3356,29.347975,34,17559
3357,29.347975,34,17559
3358,29.347975,34,17559
3359,29.347975,34,17559
3360,33.739445,29,17559
3361,33.739445,29,17559
3362,33.739445,29,17559
3363,33.739445,29,17559
3364,35.264538,28,17559
3365,35.264538,28,17559
3366,35.264538,28,17559
3367,31.793165,31,17559
3368,31.793165,31,17559
3369,31.793165,31,17559
3370,31.793165,31,17559
3371,33.68523,29,17559
3372,33.68523,29,17559
3373,33.68523,29,17559
3374,33.68523,29,17559
3375,28.599375,34,17559
3376,28.599375,34,17559
3377,28.599375,34,17559
3378,28.599375,34,17559
3379,32.94513,30,17559
3380,32.94513,30,17559
3381,32.94513,30,17559
3382,32.94513,30,17559
3383,28.176952,35,17559
3384,28.176952,35,17559
3385,28.176952,35,17559
3386,28.176952,35,17559
3387,30.776901,32,17559
3388,30.776901,32,17559
3389,30.776901,32,17559
3390,30.776901,32,17559
3391,35.922123,27,17559
3392,35.922123,27,17559
3393,35.922123,27,17559
3394,29.885448,33,17559
3395,29.885448,33,17559
3396,29.885448,33,17559
3397,29.885448,33,17559
3398,34.474674,29,17559
3399,34.474674,29,17559
3400,34.474674,29,17559
3401,34.474674,29,17559
3402,29.728903,33,17559
3403,29.728903,33,17559
3404,29.728903,33,17559
3405,29.728903,33,17559
3406,33.681488,29,17559
3407,33.681488,29,17559
3408,33.681488,29,17559
3409,33.681488,29,17559
3410,27.869205,35,17559
3411,27.869205,35,17559
3412,27.869205,35,17559
3413,27.869205,35,17559
3414,29.954828,33,17559
3415,29.954828,33,17559
3416,29.954828,33,17559
3417,29.954828,33,17559
3418,28.713024,34,17559
3419,28.713024,34,17559
3420,28.713024,34,17559
3421,28.713024,34,17559
3422,30.316902,32,17559
3423,30.316902,32,17559
3424,30.316902,32,17559
3425,30.316902,32,17559
3426,27.023521,37,17559
3427,27.023521,37,17559
3428,27.023521,37,17559
3429,29.135237,34,17559
3430,29.135237,34,17559
3431,29.135237,34,17559
3432,29.135237,34,17559
3433,35.324207,28,17559
3434,35.324207,28,17559
3435,35.324207,28,18648
3436,29.873934,33,18648
3437,29.873934,33,18648
3438,29.873934,33,18648
3439,29.873934,33,18648
3440,26.20394,38,18648
3441,26.20394,38,18648
3442,26.20394,38,18648
3443,29.347803,34,18648
3444,29.347803,34,18648
3445,29.347803,34,18648
3446,27.660526,36,18648
3447,27.660526,36,18648
3448,27.660526,36,18648
3449,30.22746,33,18648
3450,30.22746,33,18648
3451,30.22746,33,18648
3452,26.699488,37,18648
3453,26.699488,37,18648
3454,26.699488,37,18648
3455,26.699488,37,18648
3456,27.170221,36,18648
3457,27.170221,36,18648
3458,27.170221,36,18648
3459,29.885181,33,18648
3460,29.885181,33,18648
3461,29.885181,33,18648
3462,27.284386,36,18648
3463,27.284386,36,18648
3464,27.284386,36,18648
3465,28.271746,35,18648
3466,28.271746,35,18648
3467,28.271746,35,18648
3468,29.221567,34,18648
3469,29.221567,34,18648
3470,29.221567,34,18648
3471,29.221567,34,18648
3472,25.53463,39,18648
3473,25.53463,39,18648
3474,25.53463,39,18648
3475,29.93779,33,18648
3476,29.93779,33,18648
3477,29.93779,33,18648
3478,25.5076,39,18648
3479,25.5076,39,18648
3480,25.5076,39,18648
3481,31.321747,31,18648
3482,31.321747,31,18648
3483,31.321747,31,18648
3484,24.61987,40,18648
3485,24.61987,40,18648
3486,24.61987,40,18648
3487,24.61987,40,18648
3488,28.266792,35,18648
3489,28.266792,35,18648
3490,28.266792,35,18648
3491,30.71017,32,18648
3492,30.71017,32,18648
3493,30.71017,32,18648
3494,27.211773,36,18648
3495,27.211773,36,18648
3496,27.211773,36,18648
3497,27.211773,36,18648
3498,25.457212,39,18648
3499,25.457212,39,18648
3500,25.457212,39,18648
3501,30.6868,32,18648
3502,30.6868,32,18648
3503,30.6868,32,19737
3504,30.6868,32,19737
3505,27.316957,36,19737
3506,27.316957,36,19737
3507,27.316957,36,19737
3508,26.711756,37,19737
3509,26.711756,37,19737
3510,26.711756,37,19737
3511,26.036242,38,19737
3512,26.036242,38,19737
3513,26.036242,38,19737
3514,30.12302,33,19737
3515,30.12302,33,19737
3516,30.12302,33,19737
3517,30.395136,32,19737
3518,30.395136,32,19737
3519,30.395136,32,19737
3520,25.032103,39,19737
3521,25.032103,39,19737
3522,25.032103,39,19737
3523,29.84656,33,19737
3524,29.84656,33,19737
3525,29.84656,33,19737
3526,29.964882,33,19737
3527,29.964882,33,19737
3528,29.964882,33,19737
3529,31.38269,31,19737
3530,31.38269,31,19737
3531,31.38269,31,19737
3532,30.940117,32,19737
3533,30.940117,32,19737
3534,30.940117,32,19737
3535,24.489454,40,19737
3536,24.489454,40,19737
3537,24.489454,40,19737
3538,24.205866,41,19737
3539,24.205866,41,19737
3540,24.205866,41,19737
3541,24.6838,40,19737
3542,24.6838,40,19737
3543,24.6838,40,19737
3544,24.503317,40,19737
3545,24.503317,40,19737
3546,24.503317,40,19737
3547,25.377876,39,19737
3548,25.377876,39,19737
3549,25.377876,39,19737
3550,24.527117,40,19737
3551,24.527117,40,19737
3552,24.527117,40,19737
3553,24.923237,40,19737
3554,24.923237,40,19737
3555,24.923237,40,19737
3556,25.670843,38,19737
3557,25.670843,38,19737
3558,25.670843,38,19737
3559,27.033602,36,19737
3560,27.033602,36,19737
3561,27.033602,36,19737
3562,27.120113,36,19737
3563,27.120113,36,19737
3564,27.120113,36,19737
3565,29.258587,34,19737
3566,29.258587,34,19737
3567,29.258587,34,19737
3568,25.980236,38,19737
3569,25.980236,38,19737
3570,25.980236,38,19737
3571,27.153328,36,19737
3572,27.153328,36,19737
3573,27.153328,36,19737
3574,27.846312,35,19737
3575,27.846312,35,19737
3576,27.846312,35,19737
3577,28.394814,35,19737
3578,28.394814,35,19737
3579,28.394814,35,19737
3580,27.203335,36,19737
3581,27.203335,36,19737
3582,27.203335,36,19737
3583,25.64951,38,19737
3584,25.64951,38,19737
3585,25.64951,38,19737
3586,27.310839,36,19737
3587,27.310839,36,19737
3588,27.310839,36,19737
3589,28.409897,35,19737
3590,28.409897,35,19737
3591,28.409897,35,19737
3592,30.449093,32,19737
3593,30.449093,32,19737
3594,30.449093,32,19737
3595,29.490437,33,19737
3596,29.490437,33,19737
3597,29.490437,33,19737
3598,24.13669,41,19737
3599,24.13669,41,20826
3600,24.13669,41,20826
3601,18.220478,54,20826
3602,18.220478,54,20826
3603,18.220478,54,20826
3604,21.128338,47,20826
3605,21.128338,47,20826
3606,21.128338,47,20826
3607,25.410507,39,20826
3608,25.410507,39,20826
3609,25.410507,39,20826
3610,29.381866,34,20826
3611,29.381866,34,20826
3612,29.381866,34,20826
3613,23.390718,42,20826
3614,23.390718,42,20826
3615,23.390718,42,20826
3616,24.661947,40,20826
3617,24.661947,40,20826
3618,24.661947,40,20826
3619,26.088545,38,20826
3620,26.088545,38,20826
3621,26.088545,38,20826
3622,26.594755,37,20826
3623,26.594755,37,20826
3624,26.594755,37,20826
3625,28.375154,35,20826
3626,28.375154,35,20826
3627,28.375154,35,20826
3628,23.463438,42,20826
3629,23.463438,42,20826
3630,23.463438,42,20826
3631,20.029243,49,20826
3632,20.029243,49,20826
3633,20.029243,49,20826
3634,22.928156,43,20826
3635,22.928156,43,20826
3636,22.928156,43,20826
3637,25.350021,39,20826
3638,25.350021,39,20826
3639,25.350021,39,20826
3640,26.039495,38,20826
3641,26.039495,38,20826
3642,26.039495,38,20826
3643,28.593649,34,20826
3644,28.593649,34,20826
3645,28.593649,34,20826
3646,21.476187,46,20826
3647,21.476187,46,20826
3648,21.476187,46,20826
3649,23.841427,41,20826
3650,23.841427,41,20826
3651,23.841427,41,20826
3652,24.345886,41,20826
3653,24.345886,41,20826
3654,24.345886,41,20826
3655,26.820509,37,20826
3656,26.820509,37,20826
3657,26.820509,37,20826
3658,25.63294,39,20826
3659,25.63294,39,20826
3660,25.63294,39,20826
3661,26.941397,37,20826
3662,26.941397,37,20826
3663,26.941397,37,20826
3664,28.348768,35,20826
3665,28.348768,35,20826
3666,28.348768,35,20826
3667,22.984331,43,20826
3668,22.984331,43,20826
3669,22.984331,43,20826
3670,19.70991,50,20826
3671,19.70991,50,20826
3672,19.70991,50,20826
3673,25.670446,38,20826
3674,25.670446,38,20826
3675,25.670446,38,20826
3676,24.848671,40,20826
3677,24.848671,40,20826
3678,24.848671,40,20826
3679,25.484135,39,20826
3680,25.484135,39,20826
3681,25.484135,39,20826
3682,27.005642,37,20826
3683,27.005642,37,20826
3684,27.005642,37,20826
3685,27.806202,35,20826
3686,27.806202,35,20826
3687,27.806202,35,20826
3688,28.58899,34,20826
3689,28.58899,34,20826
3690,28.58899,34,20826
3691,22.62428,44,20826
3692,22.62428,44,20826
3693,22.62428,44,20826
3694,21.466736,46,20826
3695,21.466736,46,20826
3696,21.466736,46,20826
3697,20.61129,48,20826
3698,20.61129,48,20826
3699,20.61129,48,20826
3700,23.069275,43,20826
3701,23.069275,43,20826
3702,23.069275,43,20826
3703,24.68313,40,20826
3704,24.68313,40,20826
3705,24.68313,40,20826
3706,26.17801,38,20826
3707,26.17801,38,20826
3708,26.17801,38,20826
3709,23.812983,41,20826
3710,23.812983,41,20826
3711,23.812983,41,20826
3712,26.155893,38,20826
3713,26.155893,38,20826
3714,26.155893,38,20826
3715,26.015854,38,20826
3716,26.015854,38,20826
3717,26.015854,38,20826
3718,26.139349,38,20826
3719,26.139349,38,20826
3720,26.139349,38,20826
3721,25.543045,39,20826
3722,25.543045,39,20826
3723,25.543045,39,20826
3724,24.589901,40,20826
3725,24.589901,40,20826
3726,24.589901,40,20826
3727,26.06128,38,20826
3728,26.06128,38,20826
3729,26.06128,38,20826
3730,26.334017,37,20826
3731,26.334017,37,20826
3732,26.334017,37,20826
3733,26.083849,38,20826
3734,26.083849,38,20826
3735,26.083849,38,20826
3736,25.715336,38,20826
3737,25.715336,38,20826
3738,25.715336,38,20826
3739,25.593908,39,20826
3740,25.593908,39,20826
3741,25.593908,39,20826
3742,26.120844,38,20826
3743,26.120844,38,20826
3744,26.120844,38,20826
3745,26.0763,38,20826
3746,26.0763,38,20826
3747,26.0763,38,20826
3748,26.411636,37,20826
3749,26.411636,37,20826
3750,26.411636,37,20826
3751,25.333132,39,20826
3752,25.333132,39,20826
3753,25.333132,39,20826
3754,23.441217,42,20826
3755,23.441217,42,20826
3756,23.441217,42,20826
3757,25.835453,38,20826
3758,25.835453,38,20826
3759,25.835453,38,20826
3760,24.661522,40,20826
3761,24.661522,40,20826
3762,24.661522,40,20826
3763,26.582453,37,20826
3764,26.582453,37,20826
3765,26.582453,37,20826
3766,25.045395,39,20826
3767,25.045395,39,20826
3768,25.045395,39,20826
3769,26.582947,37,20826
3770,26.582947,37,20826
3771,26.582947,37,20826
3772,24.31345,41,20826
3773,24.31345,41,20826
3774,24.31345,41,20826
3775,25.530005,39,20826
3776,25.530005,39,20826
3777,25.530005,39,20826
3778,25.121967,39,20826
3779,25.121967,39,20826
3780,25.121967,39,20826
3781,24.50602,40,20826
3782,24.50602,40,20826
3783,24.50602,40,20826
3784,24.541864,40,20826
3785,24.541864,40,20826
3786,24.541864,40,20826
3787,24.532352,40,20826
3788,24.532352,40,21915
3789,24.532352,40,21915
3790,24.699957,40,21915
3791,24.699957,40,21915
3792,24.699957,40,21915
3793,18.75395,53,21915
3794,18.75395,53,21915
3795,18.75395,53,21915
3796,21.099852,47,21915
3797,21.099852,47,21915
3798,21.099852,47,21915
3799,24.105795,41,21915
3800,24.105795,41,21915
3801,24.105795,41,21915
3802,21.0962,47,21915
3803,21.0962,47,21915
3804,21.0962,47,21915
3805,19.226591,52,21915
3806,19.226591,52,21915
3807,19.226591,52,21915
3808,24.337416,41,21915
3809,24.337416,41,21915
3810,24.337416,41,21915
3811,19.771715,50,21915
3812,19.771715,50,21915
3813,19.771715,50,21915
3814,22.208206,45,21915
3815,22.208206,45,21915
3816,22.208206,45,21915
3817,24.346243,41,21915
3818,24.346243,41,21915
3819,24.346243,41,21915
3820,25.246532,39,21915
3821,25.246532,39,21915
3822,25.246532,39,21915
3823,21.794518,45,21915
3824,21.794518,45,21915
3825,21.794518,45,21915
3826,19.692211,50,21915
3827,19.692211,50,21915
3828,19.692211,50,21915
3829,25.04138,39,21915
3830,25.04138,39,21915
3831,25.04138,39,21915
3832,25.976118,38,21915
3833,25.976118,38,21915
3834,25.976118,38,21915
3835,21.77193,45,21915
3836,21.77193,45,21915
3837,21.77193,45,21915
3838,23.240356,43,21915
3839,23.240356,43,21915
3840,23.240356,43,21915
3841,23.171104,43,21915
3842,23.171104,43,21915
3843,23.171104,43,21915
3844,26.218916,38,21915
3845,26.218916,38,21915
3846,26.218916,38,21915
3847,21.650084,46,21915
3848,21.650084,46,21915
3849,21.650084,46,21915
3850,22.133148,45,21915
3851,22.133148,45,21915
3852,22.133148,45,21915
3853,24.586336,40,21915
3854,24.586336,40,21915
3855,24.586336,40,21915
3856,19.008118,52,21915
3857,19.008118,52,21915
3858,19.008118,52,21915
3859,20.170399,49,21915
3860,20.170399,49,21915
3861,20.170399,49,21915
3862,22.248524,44,21915
3863,22.248524,44,21915
3864,22.248524,44,21915
3865,25.138008,39,21915
3866,25.138008,39,21915
3867,25.138008,39,21915
3868,26.373672,37,21915
3869,26.373672,37,21915
3870,26.373672,37,21915
3871,21.676176,46,21915
3872,21.676176,46,21915
3873,21.676176,46,21915
3874,21.960503,45,21915
3875,21.960503,45,21915
3876,21.960503,45,21915
3877,23.711628,42,21915
3878,23.711628,42,21915
3879,23.711628,42,21915
3880,26.180681,38,21915
3881,26.180681,38,21915
3882,26.180681,38,21915
3883,21.775627,45,21915
3884,21.775627,45,21915
3885,21.775627,45,21915
3886,24.376688,41,21915
3887,24.376688,41,21915
3888,24.376688,41,21915
3889,25.11755,39,21915
3890,25.11755,39,21915
3891,25.11755,39,21915
3892,26.404453,37,21915
3893,26.404453,37,21915
3894,26.404453,37,21915
3895,21.753222,45,21915
3896,21.753222,45,21915
3897,21.753222,45,21915
3898,22.80871,43,21915
3899,22.80871,43,21915
3900,22.80871,43,21915
3901,24.875807,40,21915
3902,24.875807,40,21915
3903,24.875807,40,21915
3904,21.472267,46,21915
3905,21.472267,46,21915
3906,21.472267,46,21915
3907,22.962639,43,21915
3908,22.962639,43,21915
3909,22.962639,43,21915
3910,24.187248,41,21915
3911,24.187248,41,21915
3912,24.187248,41,21915
3913,20.110567,49,21915
3914,20.110567,49,21915
3915,20.110567,49,21915
3916,22.852234,43,21915
3917,22.852234,43,21915
3918,22.852234,43,21915
3919,23.396793,42,21915
3920,23.396793,42,21915
3921,23.396793,42,21915
3922,25.150337,39,21915
3923,25.150337,39,21915
3924,25.150337,39,21915
3925,18.932367,52,21915
3926,18.932367,52,21915
3927,18.932367,52,21915
3928,23.219257,43,21915
3929,23.219257,43,21915
3930,23.219257,43,21915
3931,23.546532,42,21915
3932,23.546532,42,21915
3933,23.546532,42,21915
3934,26.85602,37,21915
3935,26.85602,37,21915
3936,26.85602,37,21915
3937,21.996828,45,21915
3938,21.996828,45,21915
3939,21.996828,45,21915
3940,22.82313,43,21915
3941,22.82313,43,21915
3942,22.82313,43,21915
3943,24.796667,40,21915
3944,24.796667,40,21915
3945,24.796667,40,21915
3946,18.524006,53,21915
3947,18.524006,53,21915
3948,18.524006,53,21915
3949,21.771976,45,21915
3950,21.771976,45,21915
3951,21.771976,45,21915
3952,21.8436,45,21915
3953,21.8436,45,21915
3954,21.8436,45,21915
3955,24.008854,41,21915
3956,24.008854,41,21915
3957,24.008854,41,21915
3958,20.45429,48,21915
3959,20.45429,48,21915
3960,20.45429,48,21915
3961,22.11186,45,21915
3962,22.11186,45,21915
3963,22.11186,45,21915
3964,23.875296,41,21915
3965,23.875296,41,21915
3966,23.875296,41,21915
3967,24.624355,40,21915
3968,24.624355,40,21915
3969,24.624355,40,21915
3970,21.609285,46,21915
3971,21.609285,46,21915
3972,21.609285,46,21915
3973,24.138205,41,21915
3974,24.138205,41,21915
3975,24.138205,41,21915
3976,25.104624,39,21915
3977,25.104624,39,21915
3978,25.104624,39,21915
3979,19.892183,50,21915
3980,19.892183,50,21915
3981,19.892183,50,21915
3982,22.225235,44,21915
3983,22.225235,44,21915
3984,22.225235,44,21915
3985,23.946533,41,21915
3986,23.946533,41,21915
3987,23.946533,41,21915
3988,25.73486,38,21915
3989,25.73486,38,21915
3990,25.73486,38,21915
3991,21.587873,46,21915
3992,21.587873,46,21915
3993,21.587873,46,21915
3994,19.978104,50,21915
3995,19.978104,50,21915
3996,19.978104,50,21915
3997,23.043756,43,23004
3998,23.043756,43,23004
3999,19.809864,50,23004
4000,19.809864,50,23004
4001,20.499197,48,23004
4002,20.499197,48,23004
4003,20.499197,48,23004
4004,19.292467,51,23004
4005,19.292467,51,23004
4006,19.292467,51,23004
4007,23.766857,42,23004
4008,23.766857,42,23004
4009,23.766857,42,23004
4010,20.69382,48,23004
4011,20.69382,48,23004
4012,20.69382,48,23004
4013,22.839706,43,23004
4014,22.839706,43,23004
4015,22.839706,43,23004
4016,20.741768,48,23004
4017,20.741768,48,23004
4018,20.741768,48,23004
4019,24.491375,40,23004
4020,24.491375,40,23004
4021,24.491375,40,23004
4022,20.01297,49,23004
4023,20.01297,49,23004
4024,20.01297,49,23004
4025,22.83642,43,23004
4026,22.83642,43,23004
4027,22.83642,43,23004
4028,18.049858,55,23004
4029,18.049858,55,23004
4030,18.049858,55,23004
4031,23.82904,41,23004
4032,23.82904,41,23004
4033,23.82904,41,23004
4034,21.255205,47,23004
4035,21.255205,47,23004
4036,21.255205,47,23004
4037,23.563065,42,23004
4038,23.563065,42,23004
4039,23.563065,42,23004
4040,19.775782,50,23004
4041,19.775782,50,23004
4042,19.775782,50,23004
4043,23.87826,41,23004
4044,23.87826,41,23004
4045,23.87826,41,23004
4046,21.349592,46,23004
4047,21.349592,46,23004
4048,21.349592,46,23004
4049,23.148468,43,23004
4050,23.148468,43,23004
4051,23.148468,43,23004
4052,19.839184,50,23004
4053,19.839184,50,23004
4054,19.839184,50,23004
4055,23.295252,42,23004
4056,23.295252,42,23004
4057,23.295252,42,23004
4058,20.276655,49,23004
4059,20.276655,49,23004
4060,20.276655,49,23004
4061,22.37597,44,23004
4062,22.37597,44,23004
4063,22.37597,44,23004
4064,21.829723,45,23004
4065,21.829723,45,23004
4066,21.829723,45,23004
4067,21.715715,46,23004
4068,21.715715,46,23004
4069,21.715715,46,23004
4070,19.9795,50,23004
4071,19.9795,50,23004
4072,19.9795,50,23004
4073,21.385113,46,23004
4074,21.385113,46,23004
4075,21.385113,46,23004
4076,19.070831,52,23004
4077,19.070831,52,23004
4078,19.070831,52,23004
4079,23.476713,42,23004
4080,23.476713,42,23004
4081,23.476713,42,23004
4082,20.546453,48,23004
4083,20.546453,48,23004
4084,20.546453,48,23004
4085,22.679644,44,23004
4086,22.679644,44,23004
4087,22.679644,44,23004
4088,18.109577,55,23004
4089,18.109577,55,23004
4090,16.995039,58,23004
4091,16.995039,58,23004
4092,16.995039,58,23004
4093,22.123796,45,23004
4094,22.123796,45,23004
4095,22.123796,45,23004
4096,19.936165,50,23004
4097,19.936165,50,23004
4098,19.936165,50,23004
4099,23.200726,43,23004
4100,23.200726,43,23004
4101,23.200726,43,23004
4102,20.040804,49,23004
4103,20.040804,49,23004
4104,20.040804,49,23004
4105,21.94296,45,23004
4106,21.94296,45,23004
4107,21.94296,45,23004
4108,18.969896,52,23004
4109,18.969896,52,23004
4110,18.969896,52,23004
4111,22.284868,44,23004
4112,22.284868,44,23004
4113,22.284868,44,23004
4114,16.965399,58,23004
4115,16.965399,58,23004
4116,16.965399,58,23004
4117,22.60449,44,23004
4118,22.60449,44,23004
4119,22.60449,44,23004
4120,17.291704,57,23004
4121,17.291704,57,23004
4122,17.291704,57,23004
4123,21.745796,45,23004
4124,21.745796,45,23004
4125,22.318937,44,23004
4126,22.318937,44,23004
4127,22.538868,44,23004
4128,22.538868,44,23004
4129,19.77993,50,23004
4130,19.77993,50,23004
4131,19.77993,50,23004
4132,18.971767,52,23004
4133,18.971767,52,23004
4134,16.776693,59,23004
4135,16.776693,59,23004
4136,21.275238,47,23004
4137,21.275238,47,23004
4138,21.275238,47,23004
4139,21.324963,46,23004
4140,21.324963,46,23004
4141,21.324963,46,24093
4142,23.986797,41,24093
4143,23.986797,41,24093
4144,16.010221,62,24093
4145,16.010221,62,24093
4146,17.627544,56,24093
4147,17.627544,56,24093
4148,17.627544,56,24093
4149,17.127275,58,24093
4150,17.127275,58,24093
4151,17.127275,58,24093
4152,16.184713,61,24093
4153,16.184713,61,24093
4154,16.184713,61,24093
4155,21.83101,45,24093
4156,21.83101,45,24093
4157,18.580523,53,24093
4158,18.580523,53,24093
4159,18.580523,53,24093
4160,19.719782,50,24093
4161,19.719782,50,24093
4162,18.666084,53,24093
4163,18.666084,53,24093
4164,18.666084,53,24093
4165,19.466652,51,24093
4166,19.466652,51,24093
4167,18.429579,54,24093
4168,18.429579,54,24093
4169,16.022278,62,24093
4170,16.022278,62,24093
4171,16.022278,62,24093
4172,22.38669,44,24093
4173,22.38669,44,24093
4174,18.623396,53,24093
4175,18.623396,53,24093
4176,18.623396,53,24093
4177,22.438932,44,24093
4178,22.438932,44,24093
4179,18.825054,53,24093
4180,18.825054,53,24093
4181,17.338474,57,24093
4182,17.338474,57,24093
4183,17.338474,57,24093
4184,18.530083,53,24093
4185,18.530083,53,24093
4186,18.530083,53,24093
4187,22.400831,44,24093
4188,22.400831,44,24093
4189,22.476557,44,24093
4190,22.476557,44,24093
4191,22.476557,44,24093
4192,22.187857,45,24093
4193,22.187857,45,24093
4194,19.467108,51,24093
4195,19.467108,51,24093
4196,18.391378,54,24093
4197,18.391378,54,24093
4198,19.201487,52,24093
4199,19.201487,52,24093
4200,16.867502,59,24093
4201,16.867502,59,24093
4202,16.867502,59,24093
4203,19.304125,51,24093
4204,19.304125,51,24093
4205,19.304125,51,24093
4206,20.071455,49,24093
4207,20.071455,49,24093
4208,18.627628,53,24093
4209,18.627628,53,24093
4210,18.627628,53,24093
4211,22.526785,44,24093
4212,22.526785,44,24093
4213,22.526785,44,24093
4214,19.730598,50,24093
4215,19.730598,50,24093
4216,19.730598,50,24093
4217,20.838066,47,24093
4218,20.838066,47,24093
4219,20.838066,47,24093
4220,18.512861,54,24093
4221,18.512861,54,24093
4222,17.052073,58,24093
4223,17.052073,58,24093
4224,17.052073,58,24093
4225,18.533413,53,24093
4226,18.533413,53,24093
4227,18.533413,53,24093
4228,19.07487,52,24093
4229,19.07487,52,24093
4230,18.255537,54,24093
4231,18.255537,54,24093
4232,18.255537,54,24093
4233,19.618961,50,24093
4234,19.618961,50,24093
4235,17.449478,57,24093
4236,17.449478,57,24093
4237,17.542751,57,24093
4238,17.542751,57,24093
4239,19.930563,50,24093
4240,19.930563,50,24093
4241,20.918926,47,24093
4242,20.918926,47,24093
4243,19.709639,50,24093
4244,19.709639,50,24093
4245,18.379143,54,24093
4246,18.379143,54,24093
4247,18.379143,54,25182
4248,16.194962,61,25182
4249,16.194962,61,25182
4250,14.720191,67,25182
4251,14.720191,67,25182
4252,16.867247,59,25182
4253,16.867247,59,25182
4254,18.3783,54,25182
4255,18.3783,54,25182
4256,18.342632,54,25182
4257,18.342632,54,25182
4258,18.154552,55,25182
4259,18.154552,55,25182
4260,21.031334,47,25182
4261,21.031334,47,25182
4262,18.32089,54,25182
4263,18.32089,54,25182
4264,19.201414,52,25182
4265,19.201414,52,25182
4266,17.39194,57,25182
4267,17.39194,57,25182
4268,17.39194,57,25182
4269,18.49882,54,25182
4270,18.49882,54,25182
4271,18.49882,54,25182
4272,19.48463,51,25182
4273,19.48463,51,25182
4274,19.574566,51,25182
4275,19.574566,51,25182
4276,18.778566,53,25182
4277,18.778566,53,25182
4278,18.778566,53,25182
4279,20.075926,49,25182
4280,20.075926,49,25182
4281,19.111544,52,25182
4282,19.111544,52,25182
4283,18.508202,54,25182
4284,18.508202,54,25182
4285,17.373478,57,25182
4286,17.373478,57,25182
4287,18.741928,53,25182
4288,18.741928,53,25182
4289,17.73556,56,25182
4290,17.73556,56,25182
4291,19.192274,52,25182
4292,19.192274,52,25182
4293,18.699173,53,25182
4294,18.699173,53,25182
4295,19.15474,52,25182
4296,19.15474,52,25182
4297,19.15474,52,25182
4298,19.423058,51,25182
4299,19.423058,51,25182
4300,14.915267,67,25182
4301,14.915267,67,25182
4302,14.915267,67,25182
4303,17.851883,56,25182
4304,17.851883,56,25182
4305,17.851883,56,25182
4306,18.818924,53,25182
4307,18.818924,53,25182
4308,15.623608,64,25182
4309,15.623608,64,25182
4310,18.418615,54,25182
4311,18.418615,54,25182
4312,19.181746,52,25182
4313,19.181746,52,25182
4314,19.181746,52,25182
4315,17.850609,56,25182
4316,17.850609,56,25182
4317,21.073706,47,25182
4318,21.073706,47,25182
4319,17.834848,56,25182
4320,17.834848,56,25182
4321,20.78449,48,25182
4322,20.78449,48,25182
4323,16.725233,59,25182
4324,16.725233,59,25182
4325,21.059725,47,25182
4326,21.059725,47,25182
4327,18.71839,53,25182
4328,18.71839,53,25182
4329,18.24914,54,25182
4330,18.24914,54,25182
4331,18.26444,54,25182
4332,18.26444,54,25182
4333,17.228933,58,25182
4334,17.228933,58,25182
4335,16.997639,58,25182
4336,16.997639,58,25182
4337,18.769121,53,25182
4338,18.769121,53,25182
4339,18.769121,53,25182
4340,18.26831,54,25182
4341,18.26831,54,25182
4342,21.008404,47,25182
4343,21.008404,47,25182
4344,18.761797,53,25182
4345,18.761797,53,25182
4346,18.761797,53,25182
4347,18.437666,54,25182
4348,18.437666,54,25182
4349,18.430155,54,25182
4350,18.430155,54,25182
4351,18.430155,54,25182
4352,19.137768,52,25182
4353,19.137768,52,25182
4354,18.606451,53,25182
4355,18.606451,53,25182
4356,18.606451,53,25182
4357,19.26879,51,25182
4358,19.26879,51,25182
4359,19.26879,51,25182
4360,19.435818,51,25182
4361,19.435818,51,25182
4362,18.962667,52,25182
4363,18.962667,52,25182
4364,18.976736,52,25182
4365,18.976736,52,25182
4366,18.976736,52,25182
4367,19.226149,52,25182
4368,19.226149,52,25182
4369,19.130701,52,25182
4370,19.130701,52,25182
4371,19.960081,50,25182
4372,19.960081,50,25182
4373,19.024355,52,25182
4374,19.024355,52,25182
4375,19.024355,52,25182
4376,19.048418,52,25182
4377,19.048418,52,25182
4378,18.684603,53,25182
4379,18.684603,53,25182
4380,17.992115,55,25182
4381,17.992115,55,25182
4382,20.541136,48,25182
4383,20.541136,48,25182
4384,18.517216,54,25182
4385,18.517216,54,25182
4386,18.815914,53,25182
4387,18.815914,53,25182
4388,18.43131,54,25182
4389,18.43131,54,25182
4390,18.43131,54,25182
4391,19.713367,50,25182
4392,19.713367,50,25182
4393,18.846554,53,25182
4394,18.846554,53,25182
4395,18.13013,55,25182
4396,18.13013,55,25182
4397,18.13013,55,25182
4398,20.291754,49,25182
4399,20.291754,49,25182
4400,18.314482,54,25182
4401,18.314482,54,25182
4402,19.292467,51,25182
4403,19.292467,51,25182
4404,18.500154,54,25182
4405,18.500154,54,25182
4406,19.895706,50,25182
4407,19.895706,50,25182
4408,17.320036,57,25182
4409,17.320036,57,25182
4410,14.200995,70,25182
4411,14.200995,70,25182
4412,19.22648,52,25182
4413,19.22648,52,25182
4414,16.633427,60,25182
4415,16.633427,60,25182
4416,16.633427,60,25182
4417,18.79007,53,25182
4418,18.79007,53,25182
4419,18.79007,53,25182
4420,16.861929,59,25182
4421,16.861929,59,25182
4422,20.489326,48,25182
4423,20.489326,48,25182
4424,18.914604,52,25182
4425,18.914604,52,25182
4426,18.773703,53,25182
4427,18.773703,53,25182
