sample,simulationStep,simulationStepsTime,timeSteps,particles,solver,fViscosity,stiffness,iterations,timeStep,densityError,cfl,boundary,bViscosity,gamma1,gamma2,gamma3
0,3331,11.9551,158,1107,IISPH,10,2500,18,0.025,0.0024274995,0.0038228848,Extrapolation,10,1,1,1
1,3371,11.8694,159,1107,IISPH,10,2500,19,0.025,0.0024175642,0.0036316917,Extrapolation,10,1,1,1
2,3411,19.0787,160,1107,IISPH,10,2500,37,0.025,0.002416722,0.0030815974,Extrapolation,10,1,1,1
3,3451,8.7031,161,1107,IISPH,10,2500,14,0.025,0.0024242275,0.004052615,Extrapolation,10,1,1,1
4,3491,13.7669,162,1107,IISPH,10,2500,26,0.025,0.0024058146,0.0030275814,Extrapolation,10,1,1,1
5,3531,12.7051,163,1107,IISPH,10,2500,23,0.025,0.0024417979,0.003263666,Extrapolation,10,1,1,1
6,3571,10.0983,164,1107,IISPH,10,2500,16,0.025,0.0024098838,0.002849651,Extrapolation,10,1,1,1
7,3611,15.913,165,1107,IISPH,10,2500,29,0.025,0.002584629,0.009329842,Extrapolation,10,1,1,1
8,3651,4.0116,166,1107,IISPH,10,2500,3,0.025,0.002431886,0.006477119,Extrapolation,10,1,1,1
9,3691,4.5057,167,1107,IISPH,10,2500,4,0.025,0.0023023672,0.0048857564,Extrapolation,10,1,1,1
10,3731,4.8988,168,1107,IISPH,10,2500,5,0.025,0.0023826968,0.0072731525,Extrapolation,10,1,1,1
11,3771,4.191,169,1107,IISPH,10,2500,4,0.025,0.0023042434,0.0047051157,Extrapolation,10,1,1,1
12,3811,3.9596,170,1107,IISPH,10,2500,4,0.025,0.0023357233,0.004327518,Extrapolation,10,1,1,1
13,3851,22.3627,171,1107,IISPH,10,2500,44,0.025,0.0025826448,0.007420059,Extrapolation,10,1,1,1
14,3891,14.0773,172,1107,IISPH,10,2500,25,0.025,0.0025053082,0.0066855946,Extrapolation,10,1,1,1
15,3931,12.9029,173,1107,IISPH,10,2500,24,0.025,0.00253185,0.0077931867,Extrapolation,10,1,1,1
16,3971,15.2964,174,1107,IISPH,10,2500,29,0.025,0.0024897433,0.0060812565,Extrapolation,10,1,1,1
17,4011,14.221,175,1107,IISPH,10,2500,25,0.025,0.0024971534,0.0057299673,Extrapolation,10,1,1,1
18,4051,14.1996,176,1107,IISPH,10,2500,26,0.025,0.002479093,0.0053304173,Extrapolation,10,1,1,1
19,4091,7.291,177,1107,IISPH,10,2500,12,0.025,0.0024428288,0.0048597166,Extrapolation,10,1,1,1
20,4131,17.7462,178,1107,IISPH,10,2500,33,0.025,0.0024543349,0.004449044,Extrapolation,10,1,1,1
21,4171,9.9653,179,1107,IISPH,10,2500,15,0.025,0.002464396,0.0053634145,Extrapolation,10,1,1,1
22,4211,12.0825,180,1107,IISPH,10,2500,21,0.025,0.0024390977,0.0040302044,Extrapolation,10,1,1,1
23,4251,10.9162,181,1107,IISPH,10,2500,19,0.025,0.0024756326,0.004957864,Extrapolation,10,1,1,1
24,4291,11.5487,182,1107,IISPH,10,2500,20,0.025,0.0024281554,0.0040921136,Extrapolation,10,1,1,1
25,4331,16.7124,183,1107,IISPH,10,2500,31,0.025,0.0024890027,0.0054980367,Extrapolation,10,1,1,1
26,4371,11.4664,184,1107,IISPH,10,2500,19,0.025,0.0024367291,0.0040576044,Extrapolation,10,1,1,1
27,4411,11.0504,185,1107,IISPH,10,2500,19,0.025,0.0024398514,0.0042000636,Extrapolation,10,1,1,1
28,4451,17.0918,186,1107,IISPH,10,2500,31,0.025,0.0024413734,0.003503086,Extrapolation,10,1,1,1
29,4491,8.6561,187,1107,IISPH,10,2500,14,0.025,0.002427288,0.0036167172,Extrapolation,10,1,1,1
30,4531,11.3173,188,1107,IISPH,10,2500,18,0.025,0.0024129208,0.0032433725,Extrapolation,10,1,1,1
31,4571,15.6334,189,1107,IISPH,10,2500,29,0.025,0.0024580283,0.0043844753,Extrapolation,10,1,1,1
32,4611,11.2795,190,1107,IISPH,10,2500,19,0.025,0.0024195118,0.0034316448,Extrapolation,10,1,1,1
33,4651,10.5057,191,1107,IISPH,10,2500,17,0.025,0.002450334,0.0039878967,Extrapolation,10,1,1,1
34,4691,5.2508,192,1107,IISPH,10,2500,7,0.025,0.002405028,0.0033913471,Extrapolation,10,1,1,1
35,4731,38.1187,193,1107,IISPH,10,2500,78,0.025,0.002611344,0.009625364,Extrapolation,10,1,1,1
36,4771,6.9631,194,1107,IISPH,10,2500,9,0.025,0.0024636006,0.004666023,Extrapolation,10,1,1,1
37,4811,5.3334,195,1107,IISPH,10,2500,7,0.025,0.0024274876,0.0047732876,Extrapolation,10,1,1,1
38,4851,9.897,196,1107,IISPH,10,2500,15,0.025,0.0024845463,0.006390627,Extrapolation,10,1,1,1
39,4891,8.5158,197,1107,IISPH,10,2500,13,0.025,0.0024528704,0.0065474072,Extrapolation,10,1,1,1
40,4931,14.9155,198,1107,IISPH,10,2500,27,0.025,0.0024774277,0.004921276,Extrapolation,10,1,1,1
41,4971,11.8495,199,1107,IISPH,10,2500,21,0.025,0.002458486,0.005241545,Extrapolation,10,1,1,1
42,5011,17.4966,200,1107,IISPH,10,2500,33,0.025,0.0024818857,0.0055279904,Extrapolation,10,1,1,1
43,5051,9.8439,201,1107,IISPH,10,2500,15,0.025,0.002444844,0.0058445376,Extrapolation,10,1,1,1
44,5091,23.6746,202,1107,IISPH,10,2500,48,0.025,0.002491138,0.0065533305,Extrapolation,10,1,1,1
45,5131,6.7881,203,1107,IISPH,10,2500,10,0.025,0.0024397536,0.00474767,Extrapolation,10,1,1,1
46,5171,18.2999,204,1107,IISPH,10,2500,35,0.025,0.0024674248,0.0039323554,Extrapolation,10,1,1,1
47,5211,13.2082,205,1107,IISPH,10,2500,20,0.025,0.0024684067,0.005828507,Extrapolation,10,1,1,1
48,5251,8.4295,206,1107,IISPH,10,2500,14,0.025,0.0024376335,0.004249989,Extrapolation,10,1,1,1
49,5291,10.7903,207,1107,IISPH,10,2500,16,0.025,0.0024268525,0.004208354,Extrapolation,10,1,1,1
50,5331,16.2468,208,1107,IISPH,10,2500,29,0.025,0.0024708468,0.0045798565,Extrapolation,10,1,1,1
51,5371,8.7753,209,1107,IISPH,10,2500,14,0.025,0.0024290816,0.004146214,Extrapolation,10,1,1,1
52,5411,24.9917,210,1107,IISPH,10,2500,50,0.025,0.0024747534,0.005065783,Extrapolation,10,1,1,1
53,5451,14.6419,211,1107,IISPH,10,2500,25,0.025,0.0024466768,0.0045420015,Extrapolation,10,1,1,1
54,5491,9.7184,212,1107,IISPH,10,2500,16,0.025,0.0024320737,0.004530803,Extrapolation,10,1,1,1
55,5531,9.1995,213,1107,IISPH,10,2500,15,0.025,0.0024192901,0.0038016567,Extrapolation,10,1,1,1
56,5571,10.7342,214,1107,IISPH,10,2500,16,0.025,0.002415547,0.003432316,Extrapolation,10,1,1,1
57,5611,22.508,215,1107,IISPH,10,2500,43,0.025,0.0024353669,0.0043395516,Extrapolation,10,1,1,1
58,5651,10.4058,216,1107,IISPH,10,2500,16,0.025,0.0024221407,0.0036673476,Extrapolation,10,1,1,1
59,5691,17.6673,217,1107,IISPH,10,2500,33,0.025,0.0024175763,0.004186123,Extrapolation,10,1,1,1
60,5731,7.5634,218,1107,IISPH,10,2500,11,0.025,0.0024214706,0.004727327,Extrapolation,10,1,1,1
61,5771,13.153,219,1107,IISPH,10,2500,22,0.025,0.0024093206,0.0028605673,Extrapolation,10,1,1,1
62,5811,12.0978,220,1107,IISPH,10,2500,17,0.025,0.0024455609,0.0053900857,Extrapolation,10,1,1,1
63,5851,3.6064,221,1107,IISPH,10,2500,3,0.025,0.0024081243,0.0032512818,Extrapolation,10,1,1,1
64,5891,11.5099,222,1107,IISPH,10,2500,19,0.025,0.0024499097,0.00698218,Extrapolation,10,1,1,1
65,5931,7.1451,223,1107,IISPH,10,2500,9,0.025,0.0024164622,0.0046990416,Extrapolation,10,1,1,1
66,5971,30.9131,224,1107,IISPH,10,2500,61,0.025,0.0024628139,0.006445305,Extrapolation,10,1,1,1
67,6011,16.7765,225,1107,IISPH,10,2500,32,0.025,0.0024608192,0.0076293955,Extrapolation,10,1,1,1
68,6051,9.4196,226,1107,IISPH,10,2500,14,0.025,0.0024288483,0.005053166,Extrapolation,10,1,1,1
69,6091,7.1951,227,1107,IISPH,10,2500,10,0.025,0.002411654,0.0035977059,Extrapolation,10,1,1,1
70,6131,12.1522,228,1107,IISPH,10,2500,20,0.025,0.0024481516,0.0059209815,Extrapolation,10,1,1,1
71,6171,6.5879,229,1107,IISPH,10,2500,10,0.025,0.0024124754,0.005238707,Extrapolation,10,1,1,1
72,6211,39.695,230,1107,IISPH,10,2500,79,0.025,0.0025575578,0.010564264,Extrapolation,10,1,1,1
73,6251,11.2289,231,1107,IISPH,10,2500,19,0.025,0.0024466498,0.0052762046,Extrapolation,10,1,1,1
74,6291,10.1091,232,1107,IISPH,10,2500,13,0.025,0.002539425,0.013331309,Extrapolation,10,1,1,1
75,6331,3.6329,233,1107,IISPH,10,2500,3,0.025,0.0023450116,0.008127625,Extrapolation,10,1,1,1
76,6371,7.5735,234,1107,IISPH,10,2500,10,0.025,0.0024410936,0.0066610835,Extrapolation,10,1,1,1
77,6411,12.1787,235,1107,IISPH,10,2500,20,0.025,0.0025022328,0.008538978,Extrapolation,10,1,1,1
78,6451,13.7799,236,1107,IISPH,10,2500,24,0.025,0.0024707303,0.00715815,Extrapolation,10,1,1,1
79,6491,19.6151,237,1107,IISPH,10,2500,34,0.025,0.0025313331,0.008492,Extrapolation,10,1,1,1
80,6531,12.7618,238,1107,IISPH,10,2500,21,0.025,0.002452082,0.0070989267,Extrapolation,10,1,1,1
81,6571,16.2218,239,1107,IISPH,10,2500,29,0.025,0.0025332908,0.008009506,Extrapolation,10,1,1,1
82,6611,6.9881,240,1107,IISPH,10,2500,9,0.025,0.0024430975,0.0058371765,Extrapolation,10,1,1,1
83,6652,5.2048,241,1107,IISPH,10,2500,6,0.025,0.0024170973,0.0040437104,Extrapolation,10,1,1,1
84,6692,5.6067,242,1107,IISPH,10,2500,7,0.025,0.0024250958,0.004047986,Extrapolation,10,1,1,1
85,6732,11.0645,243,1107,IISPH,10,2500,18,0.025,0.0024449648,0.0058496566,Extrapolation,10,1,1,1
86,6772,16.184,244,1107,IISPH,10,2500,28,0.025,0.0024422652,0.0062903934,Extrapolation,10,1,1,1
87,6812,12.8394,245,1107,IISPH,10,2500,19,0.025,0.0025393774,0.011109748,Extrapolation,10,1,1,1
88,6852,15.9013,246,1107,IISPH,10,2500,28,0.025,0.0025060447,0.012184845,Extrapolation,10,1,1,1
89,6892,11.2206,247,1107,IISPH,10,2500,17,0.025,0.0025407607,0.00832136,Extrapolation,10,1,1,1
90,6932,5.3523,248,1107,IISPH,10,2500,6,0.025,0.0024428642,0.005572746,Extrapolation,10,1,1,1
91,6972,5.9979,249,1107,IISPH,10,2500,7,0.025,0.0024420668,0.007354884,Extrapolation,10,1,1,1
92,7012,6.6139,250,1107,IISPH,10,2500,6,0.025,0.0024294828,0.0053344676,Extrapolation,10,1,1,1
93,7052,7.0203,251,1107,IISPH,10,2500,10,0.025,0.0024291321,0.0049148253,Extrapolation,10,1,1,1
94,7092,77.9762,252,1107,IISPH,10,2500,161,0.025,0.0027165264,0.01165137,Extrapolation,10,1,1,1
95,7132,13.3354,253,1107,IISPH,10,2500,22,0.025,0.002528692,0.01286556,Extrapolation,10,1,1,1
96,7172,24.0857,254,1107,IISPH,10,2500,46,0.025,0.0027815725,0.017508348,Extrapolation,10,1,1,1
97,7212,7.2191,255,1107,IISPH,10,2500,7,0.025,0.00251259,0.009377002,Extrapolation,10,1,1,1
98,7252,5.9037,256,1107,IISPH,10,2500,4,0.025,0.0022962797,0.006875185,Extrapolation,10,1,1,1
99,7292,4.2166,257,1107,IISPH,10,2500,3,0.025,0.0018990334,0.0057996917,Extrapolation,10,1,1,1
100,7332,5.5257,258,1107,IISPH,10,2500,6,0.025,0.00236814,0.00598181,Extrapolation,10,1,1,1
101,7372,8.2959,259,1107,IISPH,10,2500,12,0.025,0.0024922052,0.009523424,Extrapolation,10,1,1,1
102,7412,7.5768,260,1107,IISPH,10,2500,11,0.025,0.0024796338,0.005931002,Extrapolation,10,1,1,1
103,7452,13.41,261,1107,IISPH,10,2500,21,0.025,0.0024823095,0.00684653,Extrapolation,10,1,1,1
104,7492,23.9716,262,1107,IISPH,10,2500,44,0.025,0.0025601382,0.0066915057,Extrapolation,10,1,1,1
105,7532,22.409,263,1107,IISPH,10,2500,41,0.025,0.0025597392,0.008672266,Extrapolation,10,1,1,1
106,7572,9.2806,264,1107,IISPH,10,2500,14,0.025,0.0024763949,0.0056702388,Extrapolation,10,1,1,1
107,7612,15.0049,265,1107,IISPH,10,2500,26,0.025,0.00248953,0.0060337572,Extrapolation,10,1,1,1
108,7652,11.0651,266,1107,IISPH,10,2500,18,0.025,0.0024973196,0.00590989,Extrapolation,10,1,1,1
109,7692,9.9547,267,1107,IISPH,10,2500,15,0.025,0.0024526324,0.0051020156,Extrapolation,10,1,1,1
110,7732,10.561,268,1107,IISPH,10,2500,18,0.025,0.0024757516,0.0056448043,Extrapolation,10,1,1,1
111,7772,6.946,269,1107,IISPH,10,2500,10,0.025,0.0024293538,0.005051636,Extrapolation,10,1,1,1
112,7812,27.5657,270,1107,IISPH,10,2500,55,0.025,0.0025739416,0.0075906524,Extrapolation,10,1,1,1
113,7852,10.687,271,1107,IISPH,10,2500,17,0.025,0.0024745548,0.005190637,Extrapolation,10,1,1,1
114,7892,11.4849,272,1107,IISPH,10,2500,18,0.025,0.0024831982,0.0071016564,Extrapolation,10,1,1,1
115,7932,9.3633,273,1107,IISPH,10,2500,13,0.025,0.002446664,0.00599062,Extrapolation,10,1,1,1
116,7972,11.8265,274,1107,IISPH,10,2500,20,0.025,0.0024497001,0.006678359,Extrapolation,10,1,1,1
117,8012,16.7419,275,1107,IISPH,10,2500,31,0.025,0.0024658511,0.006301716,Extrapolation,10,1,1,1
118,8052,24.9339,276,1107,IISPH,10,2500,48,0.025,0.002495806,0.0058297506,Extrapolation,10,1,1,1
119,8092,5.9621,277,1107,IISPH,10,2500,7,0.025,0.0024279566,0.004555047,Extrapolation,10,1,1,1
120,8132,5.7867,278,1107,IISPH,10,2500,7,0.025,0.0024092977,0.003549375,Extrapolation,10,1,1,1
121,8172,27.9869,279,1107,IISPH,10,2500,53,0.025,0.002501247,0.0069750804,Extrapolation,10,1,1,1
122,8212,9.3944,280,1107,IISPH,10,2500,14,0.025,0.0024491749,0.0056063076,Extrapolation,10,1,1,1
123,8252,9.7936,281,1107,IISPH,10,2500,15,0.025,0.0024332344,0.004575593,Extrapolation,10,1,1,1
124,8292,14.4712,282,1107,IISPH,10,2500,24,0.025,0.00245173,0.005260728,Extrapolation,10,1,1,1
125,8332,12.0583,283,1107,IISPH,10,2500,20,0.025,0.002452706,0.005587128,Extrapolation,10,1,1,1
126,8372,16.7434,284,1107,IISPH,10,2500,28,0.025,0.0024370437,0.0060322746,Extrapolation,10,1,1,1
127,8412,22.2918,285,1107,IISPH,10,2500,43,0.025,0.0024679631,0.005042755,Extrapolation,10,1,1,1
128,8452,12.8236,286,1107,IISPH,10,2500,21,0.025,0.0024427935,0.0038647614,Extrapolation,10,1,1,1
129,8492,7.6313,287,1107,IISPH,10,2500,12,0.025,0.0024123807,0.003960338,Extrapolation,10,1,1,1
130,8532,16.6216,288,1107,IISPH,10,2500,28,0.025,0.0024371296,0.0051388913,Extrapolation,10,1,1,1
131,8572,5.6527,289,1107,IISPH,10,2500,7,0.025,0.0024192294,0.0035754766,Extrapolation,10,1,1,1
132,8612,25.9536,290,1107,IISPH,10,2500,48,0.025,0.0024392488,0.0034647745,Extrapolation,10,1,1,1
133,8652,11.0692,291,1107,IISPH,10,2500,17,0.025,0.0024633773,0.006015392,Extrapolation,10,1,1,1
134,8692,8.6,292,1107,IISPH,10,2500,13,0.025,0.0024196398,0.0037044801,Extrapolation,10,1,1,1
135,8732,16.5178,293,1107,IISPH,10,2500,28,0.025,0.0024740133,0.0063654417,Extrapolation,10,1,1,1
136,8772,7.9808,294,1107,IISPH,10,2500,12,0.025,0.0024262094,0.0050250976,Extrapolation,10,1,1,1
137,8812,31.5243,295,1107,IISPH,10,2500,62,0.025,0.0025141167,0.0067644115,Extrapolation,10,1,1,1
138,8852,9.2256,296,1107,IISPH,10,2500,14,0.025,0.002450136,0.0049257986,Extrapolation,10,1,1,1
139,8892,21.3106,297,1107,IISPH,10,2500,39,0.025,0.002502619,0.009510653,Extrapolation,10,1,1,1
140,8932,11.3241,298,1107,IISPH,10,2500,17,0.025,0.0024695925,0.0053595225,Extrapolation,10,1,1,1
141,8972,11.5698,299,1107,IISPH,10,2500,19,0.025,0.0024423853,0.0053640604,Extrapolation,10,1,1,1
142,9012,9.3049,300,1107,IISPH,10,2500,14,0.025,0.0024682924,0.0071427184,Extrapolation,10,1,1,1
143,9052,11.2947,301,1107,IISPH,10,2500,17,0.025,0.002442054,0.004069949,Extrapolation,10,1,1,1
144,9092,30.4298,302,1107,IISPH,10,2500,59,0.025,0.0025617916,0.01097585,Extrapolation,10,1,1,1
145,9132,7.6986,303,1107,IISPH,10,2500,10,0.025,0.0024429942,0.005900208,Extrapolation,10,1,1,1
146,9172,7.863,304,1107,IISPH,10,2500,11,0.025,0.0024243894,0.0040463964,Extrapolation,10,1,1,1
147,9212,11.1238,305,1107,IISPH,10,2500,18,0.025,0.002452647,0.0042174724,Extrapolation,10,1,1,1
148,9252,11.0954,306,1107,IISPH,10,2500,17,0.025,0.0024367764,0.0052182814,Extrapolation,10,1,1,1
149,9292,17.3371,307,1107,IISPH,10,2500,28,0.025,0.0024455728,0.004988397,Extrapolation,10,1,1,1
150,9332,15.7339,308,1107,IISPH,10,2500,28,0.025,0.0024423127,0.0047090384,Extrapolation,10,1,1,1
151,9372,14.1423,309,1107,IISPH,10,2500,22,0.025,0.0024312874,0.003993369,Extrapolation,10,1,1,1
152,9412,7.3644,310,1107,IISPH,10,2500,10,0.025,0.0024143532,0.003613832,Extrapolation,10,1,1,1
153,9452,21.5789,311,1107,IISPH,10,2500,41,0.025,0.0024283556,0.0049057584,Extrapolation,10,1,1,1
154,9492,10.8919,312,1107,IISPH,10,2500,17,0.025,0.0024280131,0.0054119867,Extrapolation,10,1,1,1
155,9532,19.229,313,1107,IISPH,10,2500,35,0.025,0.002420708,0.004059731,Extrapolation,10,1,1,1
156,9572,11.0263,314,1107,IISPH,10,2500,17,0.025,0.0024443183,0.0054460997,Extrapolation,10,1,1,1
157,9612,8.3361,315,1107,IISPH,10,2500,10,0.025,0.0024094847,0.0037043884,Extrapolation,10,1,1,1
158,9652,10.6736,316,1107,IISPH,10,2500,17,0.025,0.002424826,0.003232579,Extrapolation,10,1,1,1
159,9692,11.8993,317,1107,IISPH,10,2500,20,0.025,0.0024211423,0.0035747539,Extrapolation,10,1,1,1
160,9732,15.238,318,1107,IISPH,10,2500,27,0.025,0.0024236746,0.0035455101,Extrapolation,10,1,1,1
161,9772,17.1152,319,1107,IISPH,10,2500,30,0.025,0.0024252338,0.0041170465,Extrapolation,10,1,1,1
162,9812,12.5794,320,1107,IISPH,10,2500,21,0.025,0.0024150184,0.0025901466,Extrapolation,10,1,1,1
163,9852,12.1403,321,1107,IISPH,10,2500,20,0.025,0.0024101888,0.0034597924,Extrapolation,10,1,1,1
164,9892,12.3461,322,1107,IISPH,10,2500,21,0.025,0.0024100482,0.002890872,Extrapolation,10,1,1,1
165,9932,4.365,323,1107,IISPH,10,2500,3,0.025,0.0024084407,0.0023493308,Extrapolation,10,1,1,1
166,9972,3.4968,324,1107,IISPH,10,2500,3,0.025,0.0022867916,0.0029604442,Extrapolation,10,1,1,1
167,10012,4.0243,325,1107,IISPH,10,2500,3,0.025,0.0024028332,0.0024358693,Extrapolation,10,1,1,1
168,10052,20.5519,326,1107,IISPH,10,2500,38,0.025,0.002388467,0.002463757,Extrapolation,10,1,1,1
169,10092,3.9281,327,1107,IISPH,10,2500,3,0.025,0.0023892992,0.0023966525,Extrapolation,10,1,1,1
170,10132,24.0334,328,1107,IISPH,10,2500,47,0.025,0.002393639,0.0026534915,Extrapolation,10,1,1,1
171,10172,39.9002,329,1107,IISPH,10,2500,80,0.025,0.0023844312,0.0023201653,Extrapolation,10,1,1,1
172,10212,101.3487,330,1107,IISPH,10,2500,212,0.025,0.002382194,0.0019745883,Extrapolation,10,1,1,1
173,10252,3.624,331,1107,IISPH,10,2500,3,0.025,0.0020632932,0.0020618092,Extrapolation,10,1,1,1
174,10292,4.8862,332,1107,IISPH,10,2500,3,0.025,0.0023655137,0.0019769992,Extrapolation,10,1,1,1
175,10332,3.9994,333,1107,IISPH,10,2500,3,0.025,0.00237315,0.0022810295,Extrapolation,10,1,1,1
176,10372,3.7404,334,1107,IISPH,10,2500,3,0.025,0.0023868487,0.0021910665,Extrapolation,10,1,1,1
177,10412,4.2277,335,1107,IISPH,10,2500,3,0.025,0.002386109,0.0025253133,Extrapolation,10,1,1,1
178,10452,35.3516,336,1107,IISPH,10,2500,68,0.025,0.002417975,0.003158108,Extrapolation,10,1,1,1
179,10492,3.7914,337,1107,IISPH,10,2500,3,0.025,0.002285152,0.0034699866,Extrapolation,10,1,1,1
180,10532,5.5976,338,1107,IISPH,10,2500,3,0.025,0.0019176458,0.0030030024,Extrapolation,10,1,1,1
181,10572,19.3653,339,1107,IISPH,10,2500,35,0.025,0.0024711983,0.0046016155,Extrapolation,10,1,1,1
182,10612,4.5172,340,1107,IISPH,10,2500,3,0.025,0.002342654,0.0023216342,Extrapolation,10,1,1,1
183,10652,3.6821,341,1107,IISPH,10,2500,3,0.025,0.002295659,0.0031457432,Extrapolation,10,1,1,1
184,10692,14.2426,342,1107,IISPH,10,2500,24,0.025,0.0024132608,0.0030873173,Extrapolation,10,1,1,1
185,10733,19.6562,343,1107,IISPH,10,2500,34,0.025,0.0024728186,0.0051459624,Extrapolation,10,1,1,1
186,10773,6.8354,344,1107,IISPH,10,2500,10,0.025,0.002410529,0.0029852602,Extrapolation,10,1,1,1
187,10813,9.0957,345,1107,IISPH,10,2500,13,0.025,0.0024226569,0.0034084513,Extrapolation,10,1,1,1
188,10853,7.6574,346,1107,IISPH,10,2500,11,0.025,0.0024123571,0.0033157635,Extrapolation,10,1,1,1
189,10893,33.0707,347,1107,IISPH,10,2500,64,0.025,0.0024422067,0.0040354133,Extrapolation,10,1,1,1
190,10933,17.757,348,1107,IISPH,10,2500,34,0.025,0.0025345085,0.0047481484,Mirroring,10,1,1,1
191,10973,6.8858,349,1107,IISPH,10,2500,11,0.025,0.0025119574,0.0038787785,Mirroring,10,1,1,1
192,11013,7.697,350,1107,IISPH,10,2500,12,0.025,0.0025033012,0.0034815155,Mirroring,10,1,1,1
193,11053,11.0738,351,1107,IISPH,10,2500,18,0.025,0.0025046142,0.003529019,Mirroring,10,1,1,1
194,11093,9.2544,352,1107,IISPH,10,2500,13,0.025,0.0025069846,0.0035479483,Mirroring,10,1,1,1
195,11133,15.2431,353,1107,IISPH,10,2500,28,0.025,0.0025040994,0.0038436342,Mirroring,10,1,1,1
196,11173,11.7517,354,1107,IISPH,10,2500,19,0.025,0.0025132229,0.0058409306,Mirroring,10,1,1,1
197,11213,37.2402,355,1107,IISPH,10,2500,76,0.025,0.0025268411,0.0049097533,Mirroring,10,1,1,1
198,11253,7.0046,356,1107,IISPH,10,2500,10,0.025,0.002547621,0.0121393865,Mirroring,10,1,1,1
199,11293,4.3218,357,1107,IISPH,10,2500,5,0.025,0.0024915985,0.0037134078,Mirroring,10,1,1,1
200,11333,24.8725,358,1107,IISPH,10,2500,49,0.025,0.0027017253,0.013574826,Mirroring,10,1,1,1
201,11373,13.7647,359,1107,IISPH,10,2500,25,0.025,0.002614149,0.009766001,Mirroring,10,1,1,1
202,11413,6.1098,360,1107,IISPH,10,2500,8,0.025,0.0025348286,0.005919891,Mirroring,10,1,1,1
203,11453,7.8676,361,1107,IISPH,10,2500,12,0.025,0.0025413386,0.0071398574,Mirroring,10,1,1,1
204,11493,16.5088,362,1107,IISPH,10,2500,30,0.025,0.002569531,0.0065233554,Mirroring,10,1,1,1
205,11533,10.435,363,1107,IISPH,10,2500,17,0.025,0.0025950645,0.0075802105,Mirroring,10,1,1,1
206,11573,10.8916,364,1107,IISPH,10,2500,18,0.025,0.002548809,0.005736189,Mirroring,10,1,1,1
207,11613,9.5534,365,1107,IISPH,10,2500,15,0.025,0.0026449945,0.010771533,Mirroring,10,1,1,1
208,11653,6.6056,366,1107,IISPH,10,2500,10,0.025,0.0025629287,0.009266819,Mirroring,10,1,1,1
209,11693,11.2665,367,1107,IISPH,10,2500,19,0.025,0.0026430038,0.015804945,Mirroring,10,1,1,1
210,11733,4.6794,368,1107,IISPH,10,2500,6,0.025,0.0025263722,0.013104016,Mirroring,10,1,1,1
211,11773,12.5292,369,1107,IISPH,10,2500,23,0.025,0.0025704,0.0074699,Mirroring,10,1,1,1
212,11813,21.6665,370,1107,IISPH,10,2500,42,0.025,0.0026672778,0.008050082,Mirroring,10,1,1,1
213,11853,29.508,371,1107,IISPH,10,2500,60,0.025,0.0026917434,0.00922891,Mirroring,10,1,1,1
214,11893,8.15,372,1107,IISPH,10,2500,13,0.025,0.0025739304,0.006749055,Mirroring,10,1,1,1
215,11933,8.8792,373,1107,IISPH,10,2500,14,0.025,0.0025879699,0.008774915,Mirroring,10,1,1,1
216,11973,8.0494,374,1107,IISPH,10,2500,12,0.025,0.0025432955,0.0056386977,Mirroring,10,1,1,1
217,12013,9.4539,375,1107,IISPH,10,2500,12,0.025,0.002552256,0.00789564,Mirroring,10,1,1,1
218,12053,13.2908,376,1107,IISPH,10,2500,22,0.025,0.0025847198,0.006841801,Mirroring,10,1,1,1
219,12093,13.2725,377,1107,IISPH,10,2500,24,0.025,0.0026217948,0.010619392,Mirroring,10,1,1,1
220,12133,34.5756,378,1107,IISPH,10,2500,70,0.025,0.002673846,0.011533253,Mirroring,10,1,1,1
221,12173,10.7731,379,1107,IISPH,10,2500,13,0.025,0.0025925445,0.008756335,Mirroring,10,1,1,1
222,12213,7.7144,380,1107,IISPH,10,2500,10,0.025,0.0025483028,0.0068946118,Mirroring,10,1,1,1
223,12253,7.9607,381,1107,IISPH,10,2500,12,0.025,0.0025648868,0.008338755,Mirroring,10,1,1,1
224,12293,8.9565,382,1107,IISPH,10,2500,13,0.025,0.002550147,0.007438369,Mirroring,10,1,1,1
225,12333,9.5264,383,1107,IISPH,10,2500,15,0.025,0.0025594905,0.006730202,Mirroring,10,1,1,1
226,12373,11.7723,384,1107,IISPH,10,2500,22,0.025,0.002569613,0.006502653,Mirroring,10,1,1,1
227,12413,52.8377,385,1107,IISPH,10,2500,108,0.025,0.0027579274,0.00985065,Mirroring,10,1,1,1
228,12453,8.9298,386,1107,IISPH,10,2500,15,0.025,0.0025734252,0.006713878,Mirroring,10,1,1,1
229,12493,6.9662,387,1107,IISPH,10,2500,10,0.025,0.002543378,0.00693063,Mirroring,10,1,1,1
230,12533,5.7284,388,1107,IISPH,10,2500,8,0.025,0.0025237217,0.005972941,Mirroring,10,1,1,1
231,12573,7.3952,389,1107,IISPH,10,2500,8,0.025,0.0025169293,0.0053721066,Mirroring,10,1,1,1
232,12613,9.1825,390,1107,IISPH,10,2500,14,0.025,0.0025384617,0.0068492964,Mirroring,10,1,1,1
233,12653,11.7782,391,1107,IISPH,10,2500,21,0.025,0.002573158,0.010301749,Mirroring,10,1,1,1
234,12693,13.5083,392,1107,IISPH,10,2500,24,0.025,0.0025579445,0.0074575753,Mirroring,10,1,1,1
235,12733,15.4784,393,1107,IISPH,10,2500,27,0.025,0.0026758984,0.012987505,Mirroring,10,1,1,1
236,12773,16.1915,394,1107,IISPH,10,2500,29,0.025,0.0026397773,0.008408981,Mirroring,10,1,1,1
237,12813,6.9618,395,1107,IISPH,10,2500,11,0.025,0.0025936088,0.008031375,Mirroring,10,1,1,1
238,12853,10.9527,396,1107,IISPH,10,2500,17,0.025,0.002612494,0.013983707,Mirroring,10,1,1,1
239,12893,6.6198,397,1107,IISPH,10,2500,10,0.025,0.002605809,0.013985447,Mirroring,10,1,1,1
240,12933,8.9805,398,1107,IISPH,10,2500,14,0.025,0.0025504637,0.008103515,Mirroring,10,1,1,1
241,12973,5.8355,399,1107,IISPH,10,2500,8,0.025,0.0025418194,0.0067700967,Mirroring,10,1,1,1
242,13013,9.7424,400,1107,IISPH,10,2500,17,0.025,0.0025663767,0.0060652993,Mirroring,10,1,1,1
243,13053,13.9824,401,1107,IISPH,10,2500,26,0.025,0.0025817293,0.005653747,Mirroring,10,1,1,1
244,13093,24.4622,402,1107,IISPH,10,2500,48,0.025,0.0026958382,0.012425298,Mirroring,10,1,1,1
245,13133,13.9715,403,1107,IISPH,10,2500,24,0.025,0.0026187329,0.008322625,Mirroring,10,1,1,1
246,13173,7.9439,404,1107,IISPH,10,2500,12,0.025,0.0025370445,0.006772076,Mirroring,10,1,1,1
247,13213,7.8157,405,1107,IISPH,10,2500,13,0.025,0.002543391,0.0064461837,Mirroring,10,1,1,1
248,13253,15.1054,406,1107,IISPH,10,2500,27,0.025,0.0025898826,0.00783795,Mirroring,10,1,1,1
249,13293,15.4215,407,1107,IISPH,10,2500,29,0.025,0.0026064205,0.008406117,Mirroring,10,1,1,1
250,13333,8.8567,408,1107,IISPH,10,2500,14,0.025,0.0025492911,0.008310226,Mirroring,10,1,1,1
251,13373,12.7346,409,1107,IISPH,10,2500,22,0.025,0.0025730263,0.011352432,Mirroring,10,1,1,1
252,13413,9.5718,410,1107,IISPH,10,2500,16,0.025,0.0025522453,0.006524769,Mirroring,10,1,1,1
253,13453,10.278,411,1107,IISPH,10,2500,15,0.025,0.0025592593,0.008519291,Mirroring,10,1,1,1
254,13493,11.614,412,1107,IISPH,10,2500,20,0.025,0.002671372,0.01093992,Mirroring,10,1,1,1
255,13533,10.6092,413,1107,IISPH,10,2500,18,0.025,0.0025960968,0.007853183,Mirroring,10,1,1,1
256,13573,10.2635,414,1107,IISPH,10,2500,19,0.025,0.0026051993,0.007895957,Mirroring,10,1,1,1
257,13613,10.8883,415,1107,IISPH,10,2500,17,0.025,0.002555599,0.0067468393,Mirroring,10,1,1,1
258,13653,32.1124,416,1107,IISPH,10,2500,63,0.025,0.0027103343,0.009889842,Mirroring,10,1,1,1
259,13693,9.6878,417,1107,IISPH,10,2500,15,0.025,0.002605093,0.0082233725,Mirroring,10,1,1,1
260,13733,6.7804,418,1107,IISPH,10,2500,10,0.025,0.0025388377,0.0058257966,Mirroring,10,1,1,1
261,13773,9.994,419,1107,IISPH,10,2500,17,0.025,0.0025658638,0.0068411897,Mirroring,10,1,1,1
262,13813,10.9994,420,1107,IISPH,10,2500,19,0.025,0.0025571366,0.006144751,Mirroring,10,1,1,1
263,13853,9.5425,421,1107,IISPH,10,2500,14,0.025,0.0025562441,0.010632539,Mirroring,10,1,1,1
264,13893,22.9186,422,1107,IISPH,10,2500,45,0.025,0.0026185578,0.006391983,Mirroring,10,1,1,1
265,13933,8.963,423,1107,IISPH,10,2500,15,0.025,0.0025533002,0.0072736116,Mirroring,10,1,1,1
266,13973,8.0438,424,1107,IISPH,10,2500,13,0.025,0.0025204273,0.0048253047,Mirroring,10,1,1,1
267,14013,16.9194,425,1107,IISPH,10,2500,31,0.025,0.0027073673,0.016632913,Mirroring,10,1,1,1
268,14053,10.3542,426,1107,IISPH,10,2500,17,0.025,0.0025506613,0.0080918595,Mirroring,10,1,1,1
269,14093,14.327,427,1107,IISPH,10,2500,24,0.025,0.002600638,0.008032253,Mirroring,10,1,1,1
270,14133,9.2022,428,1107,IISPH,10,2500,14,0.025,0.0025471065,0.0056379396,Mirroring,10,1,1,1
271,14173,7.357,429,1107,IISPH,10,2500,12,0.025,0.0025419348,0.006068406,Mirroring,10,1,1,1
272,14213,14.7258,430,1107,IISPH,10,2500,25,0.025,0.002555823,0.005855638,Mirroring,10,1,1,1
273,14253,19.3702,431,1107,IISPH,10,2500,38,0.025,0.0026187107,0.007955019,Mirroring,10,1,1,1
274,14293,10.2097,432,1107,IISPH,10,2500,18,0.025,0.0025681732,0.0075719813,Mirroring,10,1,1,1
275,14333,7.056,433,1107,IISPH,10,2500,11,0.025,0.0025472962,0.010904131,Mirroring,10,1,1,1
276,14373,5.7299,434,1107,IISPH,10,2500,8,0.025,0.0024966628,0.005639623,Mirroring,10,1,1,1
277,14413,13.8584,435,1107,IISPH,10,2500,25,0.025,0.0026919662,0.01295155,Mirroring,10,1,1,1
278,14453,15.7504,436,1107,IISPH,10,2500,29,0.025,0.0026085177,0.007035033,Mirroring,10,1,1,1
279,14493,15.5429,437,1107,IISPH,10,2500,30,0.025,0.0026412539,0.008725843,Mirroring,10,1,1,1
280,14533,5.8745,438,1107,IISPH,10,2500,7,0.025,0.0025388512,0.0084931245,Mirroring,10,1,1,1
281,14573,7.2731,439,1107,IISPH,10,2500,11,0.025,0.002543565,0.009818657,Mirroring,10,1,1,1
282,14613,12.1617,440,1107,IISPH,10,2500,21,0.025,0.0025817878,0.010135867,Mirroring,10,1,1,1
283,14653,7.2249,441,1107,IISPH,10,2500,10,0.025,0.002565251,0.007122031,Mirroring,10,1,1,1
284,14693,29.1972,442,1107,IISPH,10,2500,61,0.025,0.0027224617,0.012815714,Mirroring,10,1,1,1
285,14733,17.0239,443,1107,IISPH,10,2500,35,0.025,0.0026746092,0.010349141,Mirroring,10,1,1,1
286,14773,11.9539,444,1107,IISPH,10,2500,20,0.025,0.002633969,0.01209235,Mirroring,10,1,1,1
287,14813,9.5969,445,1107,IISPH,10,2500,15,0.025,0.0025860118,0.010744433,Mirroring,10,1,1,1
288,14854,5.9867,446,1107,IISPH,10,2500,9,0.025,0.0025107595,0.005604998,Mirroring,10,1,1,1
289,14894,16.506,447,1107,IISPH,10,2500,31,0.025,0.002597718,0.009526205,Mirroring,10,1,1,1
290,14934,11.4649,448,1107,IISPH,10,2500,20,0.025,0.0025652873,0.012861708,Mirroring,10,1,1,1
291,14974,44.1178,449,1107,IISPH,10,2500,95,0.025,0.0028778538,0.018195573,Mirroring,10,1,1,1
292,15014,7.7794,450,1107,IISPH,10,2500,12,0.025,0.0026643018,0.013173163,Mirroring,10,1,1,1
293,15054,11.4572,451,1107,IISPH,10,2500,20,0.025,0.0027209488,0.012940399,Mirroring,10,1,1,1
294,15094,10.5686,452,1107,IISPH,10,2500,19,0.025,0.00272055,0.0126012955,Mirroring,10,1,1,1
295,15134,5.7514,453,1107,IISPH,10,2500,8,0.025,0.0025827412,0.013677393,Mirroring,10,1,1,1
296,15174,21.4222,454,1107,IISPH,10,2500,42,0.025,0.0031594448,0.020053124,Mirroring,10,1,1,1
297,15214,12.0558,455,1107,IISPH,10,2500,20,0.025,0.0032448191,0.041711815,Mirroring,10,1,1,1
298,15254,9.8506,456,1107,IISPH,10,2500,16,0.025,0.0030125682,0.022665177,Mirroring,10,1,1,1
299,15294,6.6439,457,1107,IISPH,10,2500,8,0.025,0.0027530615,0.02547968,Mirroring,10,1,1,1
300,15334,4.5584,458,1107,IISPH,10,2500,6,0.025,0.002507043,0.014450577,Mirroring,10,1,1,1
301,15374,3.6007,459,1107,IISPH,10,2500,3,0.025,0.0024039613,0.0130003095,Mirroring,10,1,1,1
302,15414,5.3463,460,1107,IISPH,10,2500,6,0.025,0.0024059427,0.017190492,Mirroring,10,1,1,1
303,15454,4.0823,461,1107,IISPH,10,2500,4,0.025,0.0020068549,0.010591706,Mirroring,10,1,1,1
304,15494,3.6,462,1107,IISPH,10,2500,3,0.025,0.0017591459,0.01219642,Mirroring,10,1,1,1
305,15534,4.7208,463,1107,IISPH,10,2500,5,0.025,0.0024746384,0.010024737,Mirroring,10,1,1,1
306,15574,8.3004,464,1107,IISPH,10,2500,13,0.025,0.002618687,0.014327325,Mirroring,10,1,1,1
307,15614,9.5875,465,1107,IISPH,10,2500,16,0.025,0.0026802847,0.014286384,Mirroring,10,1,1,1
308,15654,49.25,466,1107,IISPH,10,2500,109,0.025,0.0035205302,0.022199715,Mirroring,10,1,1,1
309,15694,19.2817,467,1107,IISPH,10,2500,36,0.025,0.0030126856,0.015704883,Mirroring,10,1,1,1
310,15734,16.6598,468,1107,IISPH,10,2500,31,0.025,0.002942151,0.013355692,Mirroring,10,1,1,1
311,15774,9.0759,469,1107,IISPH,10,2500,13,0.025,0.0027888573,0.023497935,Mirroring,10,1,1,1
312,15814,4.8431,470,1107,IISPH,10,2500,5,0.025,0.0024111874,0.010241498,Mirroring,10,1,1,1
313,15854,5.4046,471,1107,IISPH,10,2500,6,0.025,0.0025617685,0.014196897,Mirroring,10,1,1,1
314,15894,4.7993,472,1107,IISPH,10,2500,5,0.025,0.0025384387,0.010591361,Mirroring,10,1,1,1
315,15934,6.9103,473,1107,IISPH,10,2500,10,0.025,0.0025034188,0.010247068,Mirroring,10,1,1,1
316,15974,3.9766,474,1107,IISPH,10,2500,4,0.025,0.0024153483,0.012488816,Mirroring,10,1,1,1
317,16014,4.0288,475,1107,IISPH,10,2500,3,0.025,0.002365596,0.010460934,Mirroring,10,1,1,1
318,16054,8.368,476,1107,IISPH,10,2500,13,0.025,0.0026053758,0.015460464,Mirroring,10,1,1,1
319,16094,11.2861,477,1107,IISPH,10,2500,20,0.025,0.0026677705,0.011783536,Mirroring,10,1,1,1
320,16134,10.4864,478,1107,IISPH,10,2500,18,0.025,0.0026550447,0.008785746,Mirroring,10,1,1,1
321,16174,84.2643,479,1107,IISPH,10,2500,185,0.025,0.0031101962,0.021102628,Mirroring,10,1,1,1
322,16214,26.3054,480,1107,IISPH,10,2500,54,0.025,0.0032779146,0.022007748,Mirroring,10,1,1,1
323,16254,12.0102,481,1107,IISPH,10,2500,21,0.025,0.002976913,0.015902817,Mirroring,10,1,1,1
324,16294,5.8321,482,1107,IISPH,10,2500,9,0.025,0.0028188364,0.016505824,Mirroring,10,1,1,1
325,16334,4.8515,483,1107,IISPH,10,2500,6,0.025,0.002631623,0.012280639,Mirroring,10,1,1,1
326,16374,3.8176,484,1107,IISPH,10,2500,3,0.025,0.0017454112,0.010991387,Mirroring,10,1,1,1
327,16414,3.5854,485,1107,IISPH,10,2500,3,0.025,0.0009433882,0.0077822977,Mirroring,10,1,1,1
328,16454,3.6574,486,1107,IISPH,10,2500,3,0.025,0.00084203,0.0073282863,Mirroring,10,1,1,1
329,16494,3.6878,487,1107,IISPH,10,2500,3,0.025,0.00049654127,0.009068125,Mirroring,10,1,1,1
330,16534,3.716,488,1107,IISPH,10,2500,3,0.025,0.0018784144,0.0076147835,Mirroring,10,1,1,1
331,16574,4.4022,489,1107,IISPH,10,2500,5,0.025,0.002521363,0.0080726305,Mirroring,10,1,1,1
332,16614,11.9684,490,1107,IISPH,10,2500,21,0.025,0.002651704,0.008358876,Mirroring,10,1,1,1
333,16654,9.8835,491,1107,IISPH,10,2500,16,0.025,0.0027459543,0.015129459,Mirroring,10,1,1,1
334,16694,14.246,492,1107,IISPH,10,2500,26,0.025,0.0026945458,0.011442949,Mirroring,10,1,1,1
335,16734,12.3433,493,1107,IISPH,10,2500,20,0.025,0.0027746533,0.009993627,Mirroring,10,1,1,1
336,16774,14.3464,494,1107,IISPH,10,2500,26,0.025,0.0028150233,0.012224236,Mirroring,10,1,1,1
337,16814,13.0871,495,1107,IISPH,10,2500,23,0.025,0.0027948392,0.009939868,Mirroring,10,1,1,1
338,16854,14.0729,496,1107,IISPH,10,2500,26,0.025,0.0028225882,0.015848413,Mirroring,10,1,1,1
339,16894,8.6477,497,1107,IISPH,10,2500,13,0.025,0.002645451,0.009077363,Mirroring,10,1,1,1
340,16934,8.9117,498,1107,IISPH,10,2500,15,0.025,0.0026339109,0.011115389,Mirroring,10,1,1,1
341,16974,11.7299,499,1107,IISPH,10,2500,20,0.025,0.0027079068,0.011395335,Mirroring,10,1,1,1
342,17014,14.0186,500,1107,IISPH,10,2500,25,0.025,0.0027590308,0.019354502,Mirroring,10,1,1,1
343,17054,21.4802,501,1107,IISPH,10,2500,41,0.025,0.0030468637,0.017125295,Mirroring,10,1,1,1
344,17094,12.4392,502,1107,IISPH,10,2500,20,0.025,0.0029050387,0.0159367,Mirroring,10,1,1,1
345,17134,8.5793,503,1107,IISPH,10,2500,11,0.025,0.0027694216,0.022913704,Mirroring,10,1,1,1
346,17174,6.2853,504,1107,IISPH,10,2500,9,0.025,0.0026512698,0.010803056,Mirroring,10,1,1,1
347,17214,9.7194,505,1107,IISPH,10,2500,15,0.025,0.00259557,0.014664546,Mirroring,10,1,1,1
348,17254,6.5709,506,1107,IISPH,10,2500,9,0.025,0.0025910889,0.012716887,Mirroring,10,1,1,1
349,17294,5.2732,507,1107,IISPH,10,2500,6,0.025,0.0024936837,0.016245482,Mirroring,10,1,1,1
350,17334,4.5435,508,1107,IISPH,10,2500,5,0.025,0.0024517793,0.010130567,Mirroring,10,1,1,1
351,17374,8.746,509,1107,IISPH,10,2500,14,0.025,0.0025947248,0.009462825,Mirroring,10,1,1,1
352,17414,13.0752,510,1107,IISPH,10,2500,23,0.025,0.0026527126,0.008677308,Mirroring,10,1,1,1
353,17454,20.7862,511,1107,IISPH,10,2500,40,0.025,0.0027501641,0.010318465,Mirroring,10,1,1,1
354,17494,11.4586,512,1107,IISPH,10,2500,16,0.025,0.0026040862,0.007826771,Mirroring,10,1,1,1
355,17534,14.4862,513,1107,IISPH,10,2500,26,0.025,0.0026798628,0.007886502,Mirroring,10,1,1,1
356,17574,15.5466,514,1107,IISPH,10,2500,28,0.025,0.0026905588,0.009592259,Mirroring,10,1,1,1
357,17614,32.5064,515,1107,IISPH,10,2500,65,0.025,0.002833213,0.018296355,Mirroring,10,1,1,1
358,17654,7.9795,516,1107,IISPH,10,2500,13,0.025,0.002623285,0.009539972,Mirroring,10,1,1,1
359,17694,10.079,517,1107,IISPH,10,2500,17,0.025,0.0026470344,0.010148281,Mirroring,10,1,1,1
360,17734,6.7407,518,1107,IISPH,10,2500,10,0.025,0.0026121656,0.010639888,Mirroring,10,1,1,1
361,17774,6.9965,519,1107,IISPH,10,2500,11,0.025,0.0026055733,0.008018313,Mirroring,10,1,1,1
362,17814,6.5209,520,1107,IISPH,10,2500,9,0.025,0.0025506036,0.008301901,Mirroring,10,1,1,1
363,17854,41.8481,521,1107,IISPH,10,2500,88,0.025,0.0028898546,0.011314698,Mirroring,10,1,1,1
364,17894,12.0722,522,1107,IISPH,10,2500,21,0.025,0.0027651791,0.010398843,Mirroring,10,1,1,1
365,17934,10.7853,523,1107,IISPH,10,2500,18,0.025,0.0027209017,0.010361536,Mirroring,10,1,1,1
366,17974,9.4521,524,1107,IISPH,10,2500,15,0.025,0.0027618094,0.011225595,Mirroring,10,1,1,1
367,18014,6.0847,525,1107,IISPH,10,2500,9,0.025,0.0026415677,0.0103643555,Mirroring,10,1,1,1
368,18054,7.1554,526,1107,IISPH,10,2500,10,0.025,0.0026108408,0.011337636,Mirroring,10,1,1,1
369,18094,9.6218,527,1107,IISPH,10,2500,15,0.025,0.0027029822,0.011487607,Mirroring,10,1,1,1
370,18134,6.6131,528,1107,IISPH,10,2500,9,0.025,0.0025988661,0.00954871,Mirroring,10,1,1,1
371,18173,6.637,529,1107,IISPH,10,2500,10,0.025,0.0026089502,0.008513133,Mirroring,10,1,1,1
372,18213,12.3716,530,1107,IISPH,10,2500,21,0.025,0.0027374842,0.015989905,Mirroring,10,1,1,1
373,18253,10.9177,531,1107,IISPH,10,2500,18,0.025,0.0026500132,0.010403103,Mirroring,10,1,1,1
374,18293,14.6505,532,1107,IISPH,10,2500,27,0.025,0.0027427746,0.010857966,Mirroring,10,1,1,1
375,18333,33.2813,533,1107,IISPH,10,2500,33,0.025,0.0027739974,0.012516846,Mirroring,10,1,1,1
376,18373,16.0945,534,1107,IISPH,10,2500,30,0.025,0.0027314213,0.009676989,Mirroring,10,1,1,1
377,18413,12.0345,535,1107,IISPH,10,2500,20,0.025,0.0026771415,0.0073754075,Mirroring,10,1,1,1
378,18453,9.3684,536,1107,IISPH,10,2500,13,0.025,0.0025691243,0.006794274,Mirroring,10,1,1,1
379,18493,8.1438,537,1107,IISPH,10,2500,10,0.025,0.0025396603,0.008644221,Mirroring,10,1,1,1
380,18533,18.6734,538,1107,IISPH,10,2500,29,0.025,0.002648537,0.009941481,Mirroring,10,1,1,1
381,18573,38.8102,539,1107,IISPH,10,2500,72,0.025,0.0028338004,0.018882994,Mirroring,10,1,1,1
382,18613,13.9809,540,1107,IISPH,10,2500,23,0.025,0.0026825853,0.009815807,Mirroring,10,1,1,1
383,18653,9.4844,541,1107,IISPH,10,2500,12,0.025,0.0025980216,0.010449267,Mirroring,10,1,1,1
384,18693,8.1445,542,1107,IISPH,10,2500,12,0.025,0.0026239771,0.012732814,Mirroring,10,1,1,1
385,18733,9.0793,543,1107,IISPH,10,2500,11,0.025,0.0026207871,0.010071426,Mirroring,10,1,1,1
386,18773,8.3281,544,1107,IISPH,10,2500,13,0.025,0.0025774492,0.008193552,Mirroring,10,1,1,1
387,18813,12.2633,545,1107,IISPH,10,2500,16,0.025,0.002635623,0.007459388,Mirroring,10,1,1,1
388,18853,6.6211,546,1107,IISPH,10,2500,8,0.025,0.0025264511,0.0061169527,Mirroring,10,1,1,1
389,18893,21.8775,547,1107,IISPH,10,2500,37,0.025,0.0027649757,0.012736301,Mirroring,10,1,1,1
390,18933,13.7575,548,1107,IISPH,10,2500,22,0.025,0.002631624,0.009981342,Mirroring,10,1,1,1
391,18973,25.1764,549,1107,IISPH,10,2500,45,0.025,0.0027782666,0.011734995,Mirroring,10,1,1,1
392,19013,10.5217,550,1107,IISPH,10,2500,16,0.025,0.0026504274,0.01605612,Mirroring,10,1,1,1
393,19053,14.3698,551,1107,IISPH,10,2500,23,0.025,0.002866548,0.021482881,Mirroring,10,1,1,1
394,19093,8.7617,552,1107,IISPH,10,2500,18,0.025,0.0026231688,0.007785325,Mirroring,10,1,1,1
395,19133,10.5557,553,1107,IISPH,10,2500,15,0.025,0.002780143,0.016042039,Mirroring,10,1,1,1
396,19173,5.8972,554,1107,IISPH,10,2500,6,0.025,0.0025297035,0.010037436,Mirroring,10,1,1,1
397,19212,7.6394,555,1107,IISPH,10,2500,12,0.025,0.0025363748,0.012056715,Mirroring,10,1,1,1
398,19252,12.9087,556,1107,IISPH,10,2500,21,0.025,0.002699768,0.010718093,Mirroring,10,1,1,1
399,19292,12.4192,557,1107,IISPH,10,2500,21,0.025,0.0026839469,0.011718317,Mirroring,10,1,1,1
400,19332,12.0355,558,1107,IISPH,10,2500,20,0.025,0.0026328897,0.008114002,Mirroring,10,1,1,1
401,19372,5.4793,559,1107,IISPH,10,2500,7,0.025,0.0025217026,0.007950812,Mirroring,10,1,1,1
402,19412,23.3781,560,1107,IISPH,10,2500,46,0.025,0.002768623,0.008748115,Mirroring,10,1,1,1
403,19452,20.8607,561,1107,IISPH,10,2500,37,0.025,0.0027456244,0.011362467,Mirroring,10,1,1,1
404,19492,14.424,562,1107,IISPH,10,2500,25,0.025,0.0026495308,0.008646845,Mirroring,10,1,1,1
405,19532,10.7403,563,1107,IISPH,10,2500,17,0.025,0.0026188742,0.009098395,Mirroring,10,1,1,1
406,19572,9.2076,564,1107,IISPH,10,2500,14,0.025,0.00258255,0.007509362,Mirroring,10,1,1,1
407,19612,14.3506,565,1107,IISPH,10,2500,28,0.025,0.0026557122,0.009021892,Mirroring,10,1,1,1
408,19652,11.0138,566,1107,IISPH,10,2500,18,0.025,0.0025982214,0.008392589,Mirroring,10,1,1,1
409,19692,9.5203,567,1107,IISPH,10,2500,16,0.025,0.0025724878,0.006564446,Mirroring,10,1,1,1
410,19732,6.0159,568,1107,IISPH,10,2500,8,0.025,0.0024618644,0.007268046,Mirroring,10,1,1,1
411,19772,11.3007,569,1107,IISPH,10,2500,19,0.025,0.0025635848,0.007422458,Mirroring,10,1,1,1
412,19812,19.6659,570,1107,IISPH,10,2500,37,0.025,0.0026366666,0.009075697,Mirroring,10,1,1,1
413,19852,16.0217,571,1107,IISPH,10,2500,29,0.025,0.0025946668,0.008742402,Mirroring,10,1,1,1
414,19892,11.3723,572,1107,IISPH,10,2500,19,0.025,0.0025757728,0.0073125223,Mirroring,10,1,1,1
415,19932,7.7884,573,1107,IISPH,10,2500,12,0.025,0.0025377488,0.008210527,Mirroring,10,1,1,1
416,19972,11.8794,574,1107,IISPH,10,2500,20,0.025,0.0025394142,0.008761673,Mirroring,10,1,1,1
417,20012,16.3814,575,1107,IISPH,10,2500,30,0.025,0.002603849,0.0075938366,Mirroring,10,1,1,1
418,20052,12.3521,576,1107,IISPH,10,2500,22,0.025,0.0025759337,0.009499778,Mirroring,10,1,1,1
419,20092,14.2726,577,1107,IISPH,10,2500,26,0.025,0.0026188975,0.011625365,Mirroring,10,1,1,1
420,20132,8.7426,578,1107,IISPH,10,2500,13,0.025,0.002530641,0.00498498,Mirroring,10,1,1,1
421,20172,7.9368,579,1107,IISPH,10,2500,11,0.025,0.002550566,0.01092835,Mirroring,10,1,1,1
422,20211,7.4063,580,1107,IISPH,10,2500,10,0.025,0.0024975315,0.004766397,Mirroring,10,1,1,1
423,20251,26.366,581,1107,IISPH,10,2500,49,0.025,0.0027560624,0.02231052,Mirroring,10,1,1,1
424,20291,28.4937,582,1107,IISPH,10,2500,59,0.025,0.0028647382,0.018033672,Mirroring,10,1,1,1
425,20331,7.7975,583,1107,IISPH,10,2500,12,0.025,0.0026239653,0.011193147,Mirroring,10,1,1,1
426,20371,5.5122,584,1107,IISPH,10,2500,7,0.025,0.0025000866,0.01140844,Mirroring,10,1,1,1
427,20411,6.2812,585,1107,IISPH,10,2500,9,0.025,0.0025606658,0.0106948,Mirroring,10,1,1,1
428,20451,9.2852,586,1107,IISPH,10,2500,15,0.025,0.0025996384,0.010237529,Mirroring,10,1,1,1
429,20491,14.6,587,1107,IISPH,10,2500,25,0.025,0.0026750676,0.014497504,Mirroring,10,1,1,1
430,20531,8.5433,588,1107,IISPH,10,2500,13,0.025,0.0026014915,0.0176633,Mirroring,10,1,1,1
431,20571,9.8473,589,1107,IISPH,10,2500,16,0.025,0.002591571,0.010069071,Mirroring,10,1,1,1
432,20611,26.6151,590,1107,IISPH,10,2500,54,0.025,0.0032952717,0.01966034,Mirroring,10,1,1,1
433,20651,13.181,591,1107,IISPH,10,2500,24,0.025,0.0030340315,0.028843163,Mirroring,10,1,1,1
434,20691,9.6105,592,1107,IISPH,10,2500,13,0.025,0.0029486702,0.019679712,Mirroring,10,1,1,1
435,20731,4.2642,593,1107,IISPH,10,2500,5,0.025,0.0027412623,0.018809162,Mirroring,10,1,1,1
436,20771,3.6787,594,1107,IISPH,10,2500,3,0.025,0.0021005883,0.012322829,Mirroring,10,1,1,1
437,20811,3.7146,595,1107,IISPH,10,2500,3,0.025,0.0016954368,0.011366904,Mirroring,10,1,1,1
438,20851,7.2453,596,1107,IISPH,10,2500,11,0.025,0.0027868748,0.023343418,Mirroring,10,1,1,1
439,20891,4.8006,597,1107,IISPH,10,2500,6,0.025,0.0025785295,0.011863673,Mirroring,10,1,1,1
440,20931,4.1396,598,1107,IISPH,10,2500,4,0.025,0.0023619477,0.00991361,Mirroring,10,1,1,1
441,20971,4.2937,599,1107,IISPH,10,2500,4,0.025,0.0022205962,0.016918961,Mirroring,10,1,1,1
442,21011,6.3323,600,1107,IISPH,10,2500,9,0.025,0.0027031223,0.024059916,Mirroring,10,1,1,1
443,21051,9.7861,601,1107,IISPH,10,2500,16,0.025,0.0028752275,0.018589187,Mirroring,10,1,1,1
444,21091,7.0456,602,1107,IISPH,10,2500,10,0.025,0.0027151797,0.013787045,Mirroring,10,1,1,1
445,21131,6.7698,603,1107,IISPH,10,2500,10,0.025,0.002669977,0.016132403,Mirroring,10,1,1,1
446,21171,26.3654,604,1107,IISPH,10,2500,51,0.025,0.0032821035,0.025931412,Mirroring,10,1,1,1
447,21211,16.4621,605,1107,IISPH,10,2500,31,0.025,0.00299406,0.016422397,Mirroring,10,1,1,1
448,21250,14.0456,606,1107,IISPH,10,2500,26,0.025,0.002852238,0.013128283,Mirroring,10,1,1,1
449,21290,19.3832,607,1107,IISPH,10,2500,34,0.025,0.0029453745,0.016142754,Mirroring,10,1,1,1
450,21330,7.0521,608,1107,IISPH,10,2500,10,0.025,0.0028020276,0.011573944,Zero,10,1,1,1
451,21370,5.8773,609,1107,IISPH,10,2500,7,0.025,0.0025613918,0.013461742,Zero,10,1,1,1
452,21410,4.3717,610,1107,IISPH,10,2500,5,0.025,0.0024038886,0.010251689,Zero,10,1,1,1
453,21450,6.072,611,1107,IISPH,10,2500,7,0.025,0.0025420994,0.008344499,Zero,10,1,1,1
454,21490,4.9401,612,1107,IISPH,10,2500,6,0.025,0.0025392368,0.007906051,Zero,10,1,1,1
455,21530,9.9479,613,1107,IISPH,10,2500,17,0.025,0.0026406657,0.0077878125,Zero,10,1,1,1
456,21570,14.8065,614,1107,IISPH,10,2500,27,0.025,0.0027329815,0.008310515,Zero,10,1,1,1
457,21610,22.8221,615,1107,IISPH,10,2500,43,0.025,0.0028181893,0.01013182,Zero,10,1,1,1
458,21650,23.3286,616,1107,IISPH,10,2500,48,0.025,0.00283454,0.011016871,Zero,10,1,1,1
459,21690,15.7993,617,1107,IISPH,10,2500,29,0.025,0.0027149199,0.008820821,Zero,10,1,1,1
460,21730,10.9674,618,1107,IISPH,10,2500,19,0.025,0.002626274,0.0069854753,Zero,10,1,1,1
461,21770,9.4867,619,1107,IISPH,10,2500,15,0.025,0.0025936572,0.0074329376,Zero,10,1,1,1
462,21810,8.1533,620,1107,IISPH,10,2500,12,0.025,0.002565581,0.0058573387,Zero,10,1,1,1
463,21850,9.9753,621,1107,IISPH,10,2500,16,0.025,0.0025617802,0.005415253,Zero,10,1,1,1
464,21890,10.6438,622,1107,IISPH,10,2500,17,0.025,0.0025585778,0.005473457,Zero,10,1,1,1
465,21930,13.3719,623,1107,IISPH,10,2500,24,0.025,0.002568372,0.006516756,Zero,10,1,1,1
466,21970,14.5712,624,1107,IISPH,10,2500,26,0.025,0.0025578856,0.005676957,Zero,10,1,1,1
467,22010,16.5525,625,1107,IISPH,10,2500,31,0.025,0.0025661667,0.005918992,Zero,10,1,1,1
468,22050,15.0489,626,1107,IISPH,10,2500,27,0.025,0.0025462739,0.005640683,Zero,10,1,1,1
469,22090,11.8187,627,1107,IISPH,10,2500,21,0.025,0.0025296535,0.00518251,Zero,10,1,1,1
470,22130,13.4415,628,1107,IISPH,10,2500,21,0.025,0.0025242718,0.005363392,Zero,10,1,1,1
471,22170,13.1606,629,1107,IISPH,10,2500,23,0.025,0.0025203899,0.004519675,Zero,10,1,1,1
472,22210,11.2119,630,1107,IISPH,10,2500,19,0.025,0.0025068303,0.004891291,Zero,10,1,1,1
473,22250,13.6715,631,1107,IISPH,10,2500,24,0.025,0.0025117935,0.003899542,Zero,10,1,1,1
474,22289,13.7209,632,1107,IISPH,10,2500,25,0.025,0.002510913,0.0034888273,Zero,10,1,1,1
475,22329,14.0138,633,1107,IISPH,10,2500,25,0.025,0.0025085933,0.0038572138,Zero,10,1,1,1
476,22369,11.3107,634,1107,IISPH,10,2500,19,0.025,0.0024959694,0.0031722796,Zero,10,1,1,1
477,22409,12.6879,635,1107,IISPH,10,2500,22,0.025,0.002498949,0.0036279948,Zero,10,1,1,1
478,22449,13.3745,636,1107,IISPH,10,2500,24,0.025,0.0024976137,0.0036838807,Zero,10,1,1,1
479,22489,13.0824,637,1107,IISPH,10,2500,22,0.025,0.0024904937,0.0036714158,Zero,10,1,1,1
480,22529,13.8028,638,1107,IISPH,10,2500,24,0.025,0.0024946358,0.0028429276,Zero,10,1,1,1
481,22569,11.1309,639,1107,IISPH,10,2500,20,0.025,0.0024887815,0.0031327147,Zero,10,1,1,1
482,22609,14.3454,640,1107,IISPH,10,2500,23,0.025,0.0024914553,0.0031750302,Zero,10,1,1,1
483,22649,13.1425,641,1107,IISPH,10,2500,23,0.025,0.002489684,0.0034445324,Zero,10,1,1,1
484,22689,13.5778,642,1107,IISPH,10,2500,24,0.025,0.0024907861,0.002855449,Zero,10,1,1,1
485,22729,12.0343,643,1107,IISPH,10,2500,21,0.025,0.002488675,0.0025370743,Zero,10,1,1,1
486,22769,14.0971,644,1107,IISPH,10,2500,25,0.025,0.002489415,0.0029825654,Zero,10,1,1,1
487,22809,12.6495,645,1107,IISPH,10,2500,23,0.025,0.002487761,0.0032315522,Zero,10,1,1,1
488,22849,13.9229,646,1107,IISPH,10,2500,24,0.025,0.0024875395,0.00285098,Zero,10,1,1,1
489,22889,12.7498,647,1107,IISPH,10,2500,23,0.025,0.002487398,0.0029163167,Zero,10,1,1,1
490,22929,13.4063,648,1107,IISPH,10,2500,24,0.025,0.0024868003,0.0032524262,Zero,10,1,1,1
491,22969,14.5668,649,1107,IISPH,10,2500,22,0.025,0.002485919,0.0025087348,Zero,10,1,1,1
492,23009,13.3493,650,1107,IISPH,10,2500,23,0.025,0.0024856615,0.002012909,Zero,10,1,1,1
493,23049,13.5978,651,1107,IISPH,10,2500,24,0.025,0.002485787,0.002239744,Zero,10,1,1,1
494,23089,12.5204,652,1107,IISPH,10,2500,23,0.025,0.002485555,0.0020196757,Zero,10,1,1,1
495,23129,13.3883,653,1107,IISPH,10,2500,22,0.025,0.0024831055,0.0026447694,Zero,10,1,1,1
496,23169,12.572,654,1107,IISPH,10,2500,23,0.025,0.0024841952,0.0019108693,Zero,10,1,1,1
497,23209,13.3857,655,1107,IISPH,10,2500,24,0.025,0.0024850266,0.0020023638,Zero,10,1,1,1
498,23249,12.6971,656,1107,IISPH,10,2500,22,0.025,0.0024838904,0.0020051843,Zero,10,1,1,1
499,23288,13.0746,657,1107,IISPH,10,2500,22,0.025,0.0024835148,0.0018965738,Zero,10,1,1,1
500,23328,13.8646,658,1107,IISPH,10,2500,25,0.025,0.002484383,0.0018950001,Zero,10,1,1,1
501,23368,13.7375,659,1107,IISPH,10,2500,25,0.025,0.0024833991,0.0016451728,Zero,10,1,1,1
502,23408,13.9262,660,1107,IISPH,10,2500,25,0.025,0.0024833747,0.0017262668,Zero,10,1,1,1
503,23448,12.8745,661,1107,IISPH,10,2500,23,0.025,0.0024829383,0.0020603284,Zero,10,1,1,1
504,23488,15.0153,662,1107,IISPH,10,2500,27,0.025,0.002483645,0.0020718058,Zero,10,1,1,1
505,23528,13.8604,663,1107,IISPH,10,2500,24,0.025,0.0024832222,0.0020459155,Zero,10,1,1,1
506,23568,14.3354,664,1107,IISPH,10,2500,25,0.025,0.0024818494,0.0017718192,Zero,10,1,1,1
507,23608,11.6701,665,1107,IISPH,10,2500,20,0.025,0.0024824725,0.0019998057,Zero,10,1,1,1
508,23648,12.5756,666,1107,IISPH,10,2500,23,0.025,0.00248206,0.0022903308,Zero,10,1,1,1
509,23688,13.0321,667,1107,IISPH,10,2500,23,0.025,0.0024821877,0.0022281772,Zero,10,1,1,1
510,23728,13.9832,668,1107,IISPH,10,2500,24,0.025,0.002481663,0.002306396,Zero,10,1,1,1
511,23768,13.5304,669,1107,IISPH,10,2500,24,0.025,0.0024822592,0.0022808586,Zero,10,1,1,1
512,23808,12.6886,670,1107,IISPH,10,2500,22,0.025,0.0024810997,0.002272142,Zero,10,1,1,1
513,23848,13.1258,671,1107,IISPH,10,2500,24,0.025,0.0024815674,0.002027155,Zero,10,1,1,1
514,23888,14.2512,672,1107,IISPH,10,2500,23,0.025,0.0024812398,0.0016170027,Zero,10,1,1,1
515,23928,13.1574,673,1107,IISPH,10,2500,23,0.025,0.0024817328,0.0015281821,Zero,10,1,1,1
516,23968,13.2814,674,1107,IISPH,10,2500,23,0.025,0.002482224,0.0015717599,Zero,10,1,1,1
517,24008,11.5303,675,1107,IISPH,10,2500,20,0.025,0.002479445,0.0014893127,Zero,10,1,1,1
518,24048,13.5959,676,1107,IISPH,10,2500,24,0.025,0.0024807234,0.0015981991,Zero,10,1,1,1
519,24088,13.8718,677,1107,IISPH,10,2500,25,0.025,0.0024815805,0.0015757125,Zero,10,1,1,1
520,24128,13.3937,678,1107,IISPH,10,2500,24,0.025,0.00248071,0.0015434877,Zero,10,1,1,1
521,24168,12.5177,679,1107,IISPH,10,2500,22,0.025,0.0024804422,0.0015518231,Zero,10,1,1,1
522,24208,13.8709,680,1107,IISPH,10,2500,25,0.025,0.0024811355,0.0016240869,Zero,10,1,1,1
523,24248,13.015,681,1107,IISPH,10,2500,23,0.025,0.0024804776,0.0015969636,Zero,10,1,1,1
524,24288,13.2206,682,1107,IISPH,10,2500,24,0.025,0.0024811935,0.0016387051,Zero,10,1,1,1
525,24327,12.9291,683,1107,IISPH,10,2500,23,0.025,0.0024806536,0.0016219596,Zero,10,1,1,1
526,24367,13.0652,684,1107,IISPH,10,2500,23,0.025,0.002480934,0.0016709141,Zero,10,1,1,1
527,24407,12.7841,685,1107,IISPH,10,2500,23,0.025,0.002481395,0.0015246895,Zero,10,1,1,1
528,24447,13.3593,686,1107,IISPH,10,2500,23,0.025,0.0024809001,0.001370579,Zero,10,1,1,1
529,24487,13.0162,687,1107,IISPH,10,2500,22,0.025,0.0024795164,0.0012665044,Zero,10,1,1,1
530,24527,13.4872,688,1107,IISPH,10,2500,24,0.025,0.0024809693,0.0012770119,Zero,10,1,1,1
531,24567,12.7902,689,1107,IISPH,10,2500,23,0.025,0.0024804885,0.001226075,Zero,10,1,1,1
532,24607,13.535,690,1107,IISPH,10,2500,24,0.025,0.0024810845,0.0012624124,Zero,10,1,1,1
533,24647,13.8673,691,1107,IISPH,10,2500,24,0.025,0.0024809109,0.0013746741,Zero,10,1,1,1
534,24687,12.7393,692,1107,IISPH,10,2500,23,0.025,0.0024801362,0.0013284207,Zero,10,1,1,1
535,24727,13.1906,693,1107,IISPH,10,2500,24,0.025,0.0024805826,0.0012180982,Zero,10,1,1,1
536,24767,12.7913,694,1107,IISPH,10,2500,24,0.025,0.0024806296,0.0010229591,Zero,10,1,1,1
537,24807,13.4847,695,1107,IISPH,10,2500,24,0.025,0.002481275,0.0011030557,Zero,10,1,1,1
538,24847,12.6682,696,1107,IISPH,10,2500,23,0.025,0.0024803353,0.0011022716,Zero,10,1,1,1
539,24887,13.1078,697,1107,IISPH,10,2500,23,0.025,0.0024803004,0.0010825744,Zero,10,1,1,1
540,24927,12.7626,698,1107,IISPH,10,2500,23,0.025,0.0024799134,0.0011182973,Zero,10,1,1,1
541,24967,12.753,699,1107,IISPH,10,2500,23,0.025,0.0024797716,0.001110476,Zero,10,1,1,1
542,25007,13.6941,700,1107,IISPH,10,2500,25,0.025,0.0024797877,0.0010422814,Zero,10,1,1,1
543,25047,13.6543,701,1107,IISPH,10,2500,24,0.025,0.0024796904,0.0011468016,Zero,10,1,1,1
544,25087,13.0486,702,1107,IISPH,10,2500,23,0.025,0.0024795388,0.0011458329,Zero,10,1,1,1
545,25127,13.1791,703,1107,IISPH,10,2500,24,0.025,0.002479693,0.0011335629,Zero,10,1,1,1
546,25167,13.2366,704,1107,IISPH,10,2500,23,0.025,0.0024798661,0.0011554437,Zero,10,1,1,1
547,25207,13.7241,705,1107,IISPH,10,2500,26,0.025,0.0024815348,0.0011667163,Zero,10,1,1,1
548,25247,13.6549,706,1107,IISPH,10,2500,24,0.025,0.0024807237,0.0011678908,Zero,10,1,1,1
549,25287,13.2377,707,1107,IISPH,10,2500,24,0.025,0.0024797616,0.0011140535,Zero,10,1,1,1
550,25327,13.1605,708,1107,IISPH,10,2500,22,0.025,0.002478484,0.0010473008,Zero,10,1,1,1
551,25366,15.0189,709,1107,IISPH,10,2500,26,0.025,0.0024807826,0.001042223,Zero,10,1,1,1
552,25406,13.9882,710,1107,IISPH,10,2500,23,0.025,0.0024803942,0.0010481119,Zero,10,1,1,1
553,25446,13.3165,711,1107,IISPH,10,2500,24,0.025,0.0024800901,0.0011328919,Zero,10,1,1,1
554,25486,13.8579,712,1107,IISPH,10,2500,24,0.025,0.002479914,0.0011672146,Zero,10,1,1,1
555,25526,12.8669,713,1107,IISPH,10,2500,23,0.025,0.002480114,0.0011188401,Zero,10,1,1,1
556,25566,13.2685,714,1107,IISPH,10,2500,24,0.025,0.0024800661,0.000997933,Zero,10,1,1,1
557,25606,13.9499,715,1107,IISPH,10,2500,24,0.025,0.0024801956,0.0009879447,Zero,10,1,1,1
558,25646,12.3991,716,1107,IISPH,10,2500,22,0.025,0.0024790918,0.00092004676,Zero,10,1,1,1
559,25686,13.5292,717,1107,IISPH,10,2500,23,0.025,0.0024799749,0.0009053877,Zero,10,1,1,1
560,25726,13.3813,718,1107,IISPH,10,2500,24,0.025,0.0024801376,0.0010866162,Zero,10,1,1,1
561,25766,13.603,719,1107,IISPH,10,2500,24,0.025,0.0024802645,0.0011624547,Zero,10,1,1,1
562,25806,14.5904,720,1107,IISPH,10,2500,25,0.025,0.00248062,0.0011146084,Zero,10,1,1,1
563,25846,13.4944,721,1107,IISPH,10,2500,24,0.025,0.0024797495,0.0009785657,Zero,10,1,1,1
564,25886,13.1745,722,1107,IISPH,10,2500,23,0.025,0.0024798345,0.0009656336,Zero,10,1,1,1
565,25926,13.8119,723,1107,IISPH,10,2500,25,0.025,0.0024804203,0.00094005483,Zero,10,1,1,1
566,25966,13.2733,724,1107,IISPH,10,2500,25,0.025,0.0024797376,0.00091094914,Zero,10,1,1,1
567,26006,13.2355,725,1107,IISPH,10,2500,23,0.025,0.0024793388,0.0008732292,Zero,10,1,1,1
568,26046,13.2965,726,1107,IISPH,10,2500,23,0.025,0.0024795507,0.00080156355,Zero,10,1,1,1
569,26086,12.641,727,1107,IISPH,10,2500,22,0.025,0.0024799495,0.00074033067,Zero,10,1,1,1
570,26126,12.9275,728,1107,IISPH,10,2500,24,0.025,0.0024797483,0.000686146,Zero,10,1,1,1
571,26166,13.4785,729,1107,IISPH,10,2500,24,0.025,0.0024802452,0.000688758,Zero,10,1,1,1
572,26206,12.8695,730,1107,IISPH,10,2500,23,0.025,0.0024789185,0.0006785989,Zero,10,1,1,1
573,26246,13.2475,731,1107,IISPH,10,2500,24,0.025,0.002478928,0.0006463875,Zero,10,1,1,1
574,26286,12.4389,732,1107,IISPH,10,2500,22,0.025,0.0024798312,0.0006049535,Zero,10,1,1,1
575,26326,13.9376,733,1107,IISPH,10,2500,25,0.025,0.0024804191,0.0006210575,Zero,10,1,1,1
576,26365,14.2611,734,1107,IISPH,10,2500,26,0.025,0.0024811225,0.00059964193,Zero,10,1,1,1
577,26405,11.9706,735,1107,IISPH,10,2500,21,0.025,0.0024789546,0.000528093,Zero,10,1,1,1
578,26445,11.3586,736,1107,IISPH,10,2500,21,0.025,0.0024791413,0.0005513864,Zero,10,1,1,1
579,26485,14.287,737,1107,IISPH,10,2500,26,0.025,0.0024809814,0.0005567513,Zero,10,1,1,1
580,26525,13.9053,738,1107,IISPH,10,2500,25,0.025,0.0024804985,0.00056758634,Zero,10,1,1,1
581,26565,12.4661,739,1107,IISPH,10,2500,22,0.025,0.0024795393,0.0006208039,Zero,10,1,1,1
582,26605,13.1145,740,1107,IISPH,10,2500,23,0.025,0.0024800552,0.0006976718,Zero,10,1,1,1
583,26645,12.3239,741,1107,IISPH,10,2500,22,0.025,0.0024788482,0.00073600066,Zero,10,1,1,1
584,26685,11.9973,742,1107,IISPH,10,2500,21,0.025,0.0024798322,0.0007130486,Zero,10,1,1,1
585,26725,12.7374,743,1107,IISPH,10,2500,23,0.025,0.002479046,0.00068133476,Zero,10,1,1,1
586,26765,13.7488,744,1107,IISPH,10,2500,24,0.025,0.0024802552,0.0007146109,Zero,10,1,1,1
587,26805,13.9143,745,1107,IISPH,10,2500,23,0.025,0.0024794342,0.00074212096,Zero,10,1,1,1
588,26845,12.846,746,1107,IISPH,10,2500,23,0.025,0.0024794342,0.00076049514,Zero,10,1,1,1
589,26885,13.4287,747,1107,IISPH,10,2500,24,0.025,0.0024799488,0.0007625288,Zero,10,1,1,1
590,26925,13.8655,748,1107,IISPH,10,2500,24,0.025,0.002479094,0.0007453657,Zero,10,1,1,1
591,26965,13.4445,749,1107,IISPH,10,2500,24,0.025,0.0024794692,0.0007148118,Zero,10,1,1,1
592,27005,12.3093,750,1107,IISPH,10,2500,22,0.025,0.0024787171,0.00067412027,Zero,10,1,1,1
593,27045,13.9238,751,1107,IISPH,10,2500,24,0.025,0.002479551,0.00062287936,Zero,10,1,1,1
594,27085,13.3702,752,1107,IISPH,10,2500,25,0.025,0.0024801393,0.00058760116,Zero,10,1,1,1
595,27125,13.0006,753,1107,IISPH,10,2500,22,0.025,0.002479163,0.0005741771,Zero,10,1,1,1
596,27165,12.5216,754,1107,IISPH,10,2500,23,0.025,0.002479948,0.000554371,Zero,10,1,1,1
597,27205,13.8394,755,1107,IISPH,10,2500,25,0.025,0.0024803833,0.0005258936,Zero,10,1,1,1
598,27245,13.6499,756,1107,IISPH,10,2500,24,0.025,0.0024794347,0.000520516,Zero,10,1,1,1
599,27285,12.3914,757,1107,IISPH,10,2500,22,0.025,0.0024788366,0.00051141146,Zero,10,1,1,1
600,27325,15.4535,758,1107,IISPH,10,2500,24,0.025,0.0024800785,0.0004992488,Zero,10,1,1,1
601,27365,13.6464,759,1107,IISPH,10,2500,24,0.025,0.0024800203,0.0005028018,Zero,10,1,1,1
602,27404,12.8639,760,1107,IISPH,10,2500,22,0.025,0.0024799039,0.00050425826,Zero,10,1,1,1
603,27444,13.2207,761,1107,IISPH,10,2500,23,0.025,0.0024801122,0.00050099334,Zero,10,1,1,1
604,27484,13.6454,762,1107,IISPH,10,2500,23,0.025,0.002479938,0.0004952313,Zero,10,1,1,1
605,27524,13.0154,763,1107,IISPH,10,2500,24,0.025,0.0024789283,0.000496125,Zero,10,1,1,1
606,27564,12.7538,764,1107,IISPH,10,2500,23,0.025,0.00247981,0.0005125812,Zero,10,1,1,1
607,27604,13.3839,765,1107,IISPH,10,2500,23,0.025,0.0024803367,0.00051276037,Zero,10,1,1,1
608,27644,13.3102,766,1107,IISPH,10,2500,23,0.025,0.0024795167,0.00052202784,Zero,10,1,1,1
609,27684,14.9823,767,1107,IISPH,10,2500,27,0.025,0.0024813572,0.00052552426,Zero,10,1,1,1
610,27724,14.1187,768,1107,IISPH,10,2500,24,0.025,0.0024797975,0.0005354226,Zero,10,1,1,1
611,27764,12.7962,769,1107,IISPH,10,2500,22,0.025,0.0024793756,0.0005655202,Zero,10,1,1,1
612,27804,12.8042,770,1107,IISPH,10,2500,22,0.025,0.002478332,0.0006429463,Zero,10,1,1,1
613,27844,11.9736,771,1107,IISPH,10,2500,21,0.025,0.0024786615,0.00069285,Zero,10,1,1,1
614,27884,13.6611,772,1107,IISPH,10,2500,24,0.025,0.002480128,0.0007151317,Zero,10,1,1,1
615,27924,12.9297,773,1107,IISPH,10,2500,23,0.025,0.0024792447,0.0007143197,Zero,10,1,1,1
616,27964,14.7193,774,1107,IISPH,10,2500,25,0.025,0.0024803584,0.0006916366,Zero,10,1,1,1
617,28004,13.8929,775,1107,IISPH,10,2500,24,0.025,0.0024797877,0.0006513556,Zero,10,1,1,1
618,28044,13.7315,776,1107,IISPH,10,2500,24,0.025,0.0024801025,0.00058985833,Zero,10,1,1,1
619,28084,13.9284,777,1107,IISPH,10,2500,24,0.025,0.002480043,0.0005767403,Zero,10,1,1,1
620,28124,13.4078,778,1107,IISPH,10,2500,23,0.025,0.0024789264,0.0005748646,Zero,10,1,1,1
621,28164,12.9795,779,1107,IISPH,10,2500,24,0.025,0.0024804077,0.0005692666,Zero,10,1,1,1
622,28204,12.8011,780,1107,IISPH,10,2500,22,0.025,0.0024801819,0.00056076894,Zero,10,1,1,1
623,28244,13.131,781,1107,IISPH,10,2500,23,0.025,0.00247934,0.00055292266,Zero,10,1,1,1
624,28284,14.0594,782,1107,IISPH,10,2500,24,0.025,0.0024804673,0.0005669535,Zero,10,1,1,1
625,28324,14.4782,783,1107,IISPH,10,2500,24,0.025,0.0024798661,0.0005764638,Zero,10,1,1,1
626,28364,13.1218,784,1107,IISPH,10,2500,23,0.025,0.0024798787,0.0005793073,Zero,10,1,1,1
627,28403,12.7255,785,1107,IISPH,10,2500,22,0.025,0.0024793022,0.00059686246,Zero,10,1,1,1
628,28443,13.421,786,1107,IISPH,10,2500,24,0.025,0.002479846,0.00062444556,Zero,10,1,1,1
629,28483,13.7641,787,1107,IISPH,10,2500,24,0.025,0.0024801623,0.0006436012,Zero,10,1,1,1
630,28523,13.7091,788,1107,IISPH,10,2500,25,0.025,0.0024799237,0.000651455,Zero,10,1,1,1
631,28563,13.5795,789,1107,IISPH,10,2500,24,0.025,0.0024796326,0.0006488368,Zero,10,1,1,1
632,28603,14.4008,790,1107,IISPH,10,2500,25,0.025,0.0024799604,0.0006383567,Zero,10,1,1,1
633,28643,13.7508,791,1107,IISPH,10,2500,24,0.025,0.0024792235,0.0006215493,Zero,10,1,1,1
634,28683,14.4154,792,1107,IISPH,10,2500,25,0.025,0.0024813071,0.000598886,Zero,10,1,1,1
635,28723,12.8443,793,1107,IISPH,10,2500,22,0.025,0.002479,0.0005801649,Zero,10,1,1,1
636,28763,12.8334,794,1107,IISPH,10,2500,22,0.025,0.0024786948,0.00060354033,Zero,10,1,1,1
637,28803,14.3831,795,1107,IISPH,10,2500,25,0.025,0.0024800687,0.00061969477,Zero,10,1,1,1
638,28843,13.3029,796,1107,IISPH,10,2500,23,0.025,0.002479513,0.00062964665,Zero,10,1,1,1
639,28883,14.2829,797,1107,IISPH,10,2500,22,0.025,0.0024796678,0.00063130393,Zero,10,1,1,1
640,28923,13.8998,798,1107,IISPH,10,2500,24,0.025,0.0024805113,0.0006248705,Zero,10,1,1,1
641,28963,12.5052,799,1107,IISPH,10,2500,22,0.025,0.0024792445,0.00061225117,Zero,10,1,1,1
642,29003,12.1078,800,1107,IISPH,10,2500,23,0.025,0.002480137,0.0005915561,Zero,10,1,1,1
643,29043,13.5372,801,1107,IISPH,10,2500,23,0.025,0.0024789756,0.00056616,Zero,10,1,1,1
644,29083,14.0811,802,1107,IISPH,10,2500,24,0.025,0.0024793162,0.00053536927,Zero,10,1,1,1
645,29123,12.8926,803,1107,IISPH,10,2500,23,0.025,0.0024795497,0.0005036832,Zero,10,1,1,1
646,29163,13.2364,804,1107,IISPH,10,2500,24,0.025,0.0024799614,0.00050006964,Zero,10,1,1,1
647,29203,12.6392,805,1107,IISPH,10,2500,22,0.025,0.002478626,0.0005035091,Zero,10,1,1,1
648,29243,13.6037,806,1107,IISPH,10,2500,23,0.025,0.0024793402,0.0005048384,Zero,10,1,1,1
649,29283,12.5103,807,1107,IISPH,10,2500,23,0.025,0.002479398,0.00050441443,Zero,10,1,1,1
650,29323,13.3207,808,1107,IISPH,10,2500,25,0.025,0.002480632,0.0005056683,Zero,10,1,1,1
651,29363,13.1908,809,1107,IISPH,10,2500,25,0.025,0.0024803737,0.0005196617,Zero,10,1,1,1
652,29403,13.5004,810,1107,IISPH,10,2500,24,0.025,0.0024803593,0.00052754214,Zero,10,1,1,1
653,29442,13.4278,811,1107,IISPH,10,2500,24,0.025,0.002479821,0.0005277022,Zero,10,1,1,1
654,29482,12.7439,812,1107,IISPH,10,2500,23,0.025,0.0024790228,0.00052120734,Zero,10,1,1,1
655,29522,14.0054,813,1107,IISPH,10,2500,25,0.025,0.002480254,0.0005053815,Zero,10,1,1,1
656,29562,12.7242,814,1107,IISPH,10,2500,23,0.025,0.002479505,0.0004832999,Zero,10,1,1,1
657,29602,12.9799,815,1107,IISPH,10,2500,23,0.025,0.002479456,0.0004540694,Zero,10,1,1,1
658,29642,13.3207,816,1107,IISPH,10,2500,24,0.025,0.002480162,0.00041686423,Zero,10,1,1,1
659,29682,13.0742,817,1107,IISPH,10,2500,23,0.025,0.0024795746,0.00038702585,Zero,10,1,1,1
660,29722,12.6064,818,1107,IISPH,10,2500,24,0.025,0.0024804072,0.00039055242,Zero,10,1,1,1
661,29762,13.6948,819,1107,IISPH,10,2500,24,0.025,0.002480207,0.00039905668,Zero,10,1,1,1
662,29802,12.9619,820,1107,IISPH,10,2500,24,0.025,0.0024801847,0.00040487546,Zero,10,1,1,1
663,29842,13.5732,821,1107,IISPH,10,2500,24,0.025,0.0024795276,0.00040798268,Zero,10,1,1,1
664,29882,12.3033,822,1107,IISPH,10,2500,22,0.025,0.0024795383,0.00040738328,Zero,10,1,1,1
665,29922,13.384,823,1107,IISPH,10,2500,23,0.025,0.0024792678,0.00040327638,Zero,10,1,1,1
666,29962,13.8404,824,1107,IISPH,10,2500,24,0.025,0.0024792687,0.0003953918,Zero,10,1,1,1
667,30002,13.1835,825,1107,IISPH,10,2500,22,0.025,0.0024788573,0.000384238,Zero,10,1,1,1
668,30042,12.202,826,1107,IISPH,10,2500,21,0.025,0.0024788142,0.00037324522,Zero,10,1,1,1
669,30082,12.8394,827,1107,IISPH,10,2500,22,0.025,0.002479386,0.00035977704,Zero,10,1,1,1
670,30122,12.9476,828,1107,IISPH,10,2500,23,0.025,0.0024795514,0.000344121,Zero,10,1,1,1
671,30162,14.7679,829,1107,IISPH,10,2500,27,0.025,0.002481206,0.00033546897,Zero,10,1,1,1
672,30202,11.0231,830,1107,IISPH,10,2500,21,0.025,0.0024787548,0.00033568003,Zero,10,1,1,1
673,30242,13.804,831,1107,IISPH,10,2500,25,0.025,0.0024804785,0.00034859174,Zero,10,1,1,1
674,30282,13.5695,832,1107,IISPH,10,2500,23,0.025,0.0024798212,0.00036253475,Zero,10,1,1,1
675,30322,12.6468,833,1107,IISPH,10,2500,24,0.025,0.002479728,0.00037538828,Zero,10,1,1,1
676,30362,12.947,834,1107,IISPH,10,2500,22,0.025,0.0024790817,0.0003881822,Zero,10,1,1,1
677,30402,12.3807,835,1107,IISPH,10,2500,22,0.025,0.0024795167,0.00039987467,Zero,10,1,1,1
678,30442,13.7756,836,1107,IISPH,10,2500,25,0.025,0.0024794103,0.00040882296,Zero,10,1,1,1
679,30481,13.9364,837,1107,IISPH,10,2500,25,0.025,0.0024802547,0.00041617095,Zero,10,1,1,1
680,30521,12.7498,838,1107,IISPH,10,2500,23,0.025,0.0024793618,0.00042213345,Zero,10,1,1,1
681,30561,13.3618,839,1107,IISPH,10,2500,24,0.025,0.0024801365,0.0004252967,Zero,10,1,1,1
682,30601,14.0648,840,1107,IISPH,10,2500,24,0.025,0.0024792461,0.0004263264,Zero,10,1,1,1
683,30641,13.7122,841,1107,IISPH,10,2500,24,0.025,0.0024806664,0.0004248082,Zero,10,1,1,1
684,30681,12.9287,842,1107,IISPH,10,2500,23,0.025,0.0024798566,0.0004212332,Zero,10,1,1,1
685,30721,14.3034,843,1107,IISPH,10,2500,22,0.025,0.0024792796,0.00041635448,Zero,10,1,1,1
686,30761,13.1326,844,1107,IISPH,10,2500,23,0.025,0.0024795039,0.00040854068,Zero,10,1,1,1
687,30801,13.2738,845,1107,IISPH,10,2500,25,0.025,0.0024800426,0.0003989781,Zero,10,1,1,1
688,30841,13.3195,846,1107,IISPH,10,2500,23,0.025,0.0024800897,0.0003888005,Zero,10,1,1,1
689,30881,13.7056,847,1107,IISPH,10,2500,24,0.025,0.0024797143,0.00037961896,Zero,10,1,1,1
690,30921,14.7583,848,1107,IISPH,10,2500,24,0.025,0.002479739,0.0003739289,Zero,10,1,1,1
691,30961,13.3936,849,1107,IISPH,10,2500,23,0.025,0.0024793143,0.0003670035,Zero,10,1,1,1
692,31001,13.256,850,1107,IISPH,10,2500,23,0.025,0.0024792217,0.00035958615,Zero,10,1,1,1
693,31041,13.4851,851,1107,IISPH,10,2500,24,0.025,0.0024792461,0.00035101143,Zero,10,1,1,1
694,31081,12.5261,852,1107,IISPH,10,2500,22,0.025,0.0024791046,0.00034271606,Zero,10,1,1,1
695,31121,12.3627,853,1107,IISPH,10,2500,22,0.025,0.0024794103,0.000333594,Zero,10,1,1,1
696,31161,12.8196,854,1107,IISPH,10,2500,22,0.025,0.0024793728,0.00032397927,Zero,10,1,1,1
697,31201,14.0062,855,1107,IISPH,10,2500,25,0.025,0.0024805593,0.00031418935,Zero,10,1,1,1
698,31241,12.7348,856,1107,IISPH,10,2500,22,0.025,0.0024791397,0.00030443378,Zero,10,1,1,1
699,31281,14.2395,857,1107,IISPH,10,2500,25,0.025,0.0024797965,0.00029367828,Zero,10,1,1,1
700,31321,14.4453,858,1107,IISPH,10,2500,23,0.025,0.0024798228,0.0002841438,Zero,10,1,1,1
701,31361,13.3672,859,1107,IISPH,10,2500,24,0.025,0.0024798682,0.00027659835,Zero,10,1,1,1
702,31401,13.8321,860,1107,IISPH,10,2500,25,0.025,0.0024804864,0.0002686657,Zero,10,1,1,1
703,31441,13.109,861,1107,IISPH,10,2500,24,0.025,0.0024801502,0.00026074864,Zero,10,1,1,1
704,31480,13.7865,862,1107,IISPH,10,2500,25,0.025,0.002479189,0.00025566167,Zero,10,1,1,1
705,31520,13.0492,863,1107,IISPH,10,2500,23,0.025,0.0024788475,0.00025075217,Zero,10,1,1,1
706,31560,13.1701,864,1107,IISPH,10,2500,24,0.025,0.0024790473,0.00024471534,Zero,10,1,1,1
707,31600,12.9703,865,1107,IISPH,10,2500,23,0.025,0.0024794696,0.00023769905,Zero,10,1,1,1
708,31640,13.2612,866,1107,IISPH,10,2500,24,0.025,0.0024806426,0.0002307834,Zero,10,1,1,1
709,31680,13.1562,867,1107,IISPH,10,2500,24,0.025,0.0024801139,0.00022203276,Zero,10,1,1,1
710,31720,12.7528,868,1107,IISPH,10,2500,23,0.025,0.0024802417,0.00021236553,Zero,10,1,1,1
711,31760,12.4172,869,1107,IISPH,10,2500,23,0.025,0.0024787055,0.0002030104,Zero,10,1,1,1
712,31800,13.1367,870,1107,IISPH,10,2500,24,0.025,0.002479972,0.00020831484,Zero,10,1,1,1
713,31840,13.8049,871,1107,IISPH,10,2500,23,0.025,0.0024795604,0.00022290972,Zero,10,1,1,1
714,31880,13.3788,872,1107,IISPH,10,2500,23,0.025,0.0024797968,0.00023543632,Zero,10,1,1,1
715,31920,13.6423,873,1107,IISPH,10,2500,25,0.025,0.0024800533,0.0002434341,Zero,10,1,1,1
716,31960,13.5192,874,1107,IISPH,10,2500,23,0.025,0.0024792699,0.00024726472,Zero,10,1,1,1
717,32000,13.9463,875,1107,IISPH,10,2500,25,0.025,0.0024804915,0.00024965077,Zero,10,1,1,1
718,32040,12.3957,876,1107,IISPH,10,2500,22,0.025,0.0024798221,0.00024490448,Zero,10,1,1,1
